subset,n_features,auroc,balanced_acc,f1,sensitivity,specificity
HR + IBI + ACC,13,0.5890306122448978,0.5921768707482994,0.49288330716902146,0.5886904761904762,0.5956632653061226
ACC only,4,0.6409013605442178,0.5839710884353744,0.49233782090924955,0.6297619047619047,0.5381802721088434
All sensors,25,0.5809948979591837,0.5688350340136055,0.48671685457399744,0.6291666666666667,0.5085034013605443
EDA only,4,0.4604591836734694,0.4995748299319728,0.4500063428634858,0.4916666666666667,0.5074829931972789
TEMP only,4,0.5572278911564627,0.511437074829932,0.4363226059654631,0.5327380952380952,0.49013605442176866
HR + IBI + EDA,13,0.48528911564625854,0.5221938775510204,0.43449566306709153,0.5017857142857143,0.5426020408163266
HR + ACC,9,0.567984693877551,0.5505952380952381,0.40851886209029065,0.5845238095238096,0.5166666666666666
BVP only,4,0.47236394557823125,0.5022108843537414,0.39206983492697783,0.5511904761904762,0.4532312925170068
HR + IBI,9,0.572278911564626,0.5276360544217688,0.36346391703534564,0.41845238095238096,0.6368197278911565
IBI + EDA,8,0.5053146258503401,0.46237244897959184,0.3148886827458256,0.3363095238095238,0.5884353741496599
HR only,5,0.5150510204081632,0.44068877551020397,0.3017161410018553,0.44226190476190474,0.43911564625850347
HR + EDA,9,0.49562074829931974,0.4689625850340136,0.29849000206143067,0.4333333333333333,0.5045918367346939
IBI only,4,0.4953656462585035,0.448171768707483,0.24866799866799866,0.22916666666666666,0.6671768707482993
