participant,n_test_days,auroc,balanced_acc,f1,sensitivity,specificity
1,10,1.0,0.5,0.0,0.0,1.0
2,8,0.8,0.6,0.6,1.0,0.2
3,8,0.5333333333333333,0.6333333333333333,0.5714285714285714,0.6666666666666666,0.6
4,7,0.0,0.3333333333333333,0.0,0.0,0.6666666666666666
5,10,0.4444444444444444,0.2222222222222222,0.0,0.0,0.4444444444444444
6,8,0.0,0.0,0.0,0.0,0.0
7,9,0.3,0.5,0.0,0.0,1.0
8,10,0.25,0.375,0.0,0.0,0.75
9,9,0.35000000000000003,0.425,0.5454545454545454,0.6,0.25
10,9,0.3,0.5,0.0,0.0,1.0
11,9,0.5714285714285714,0.6428571428571428,0.4444444444444444,0.2857142857142857,1.0
12,9,0.75,0.5,0.0,0.0,1.0
13,8,0.5333333333333333,0.3666666666666667,0.2857142857142857,0.3333333333333333,0.4
14,7,0.5,0.5833333333333333,0.5714285714285714,0.5,0.6666666666666666
15,5,0.25,0.5,0.0,0.0,1.0
16,8,0.3125,0.5,0.0,0.0,1.0
