date,n_readings,mean_glucose,sd_glucose,cv_percentage,mage,tir_percent,tar_percent,tbr_percent,min_glucose,max_glucose,subject_id,cv_threshold_used,label_cv_threshold,label_cv_numeric
2020-02-13,80,101.45,20.545011559987014,20.251366742224757,47.0,87.5,0.0,12.5,58.0,143.0,001,36.0,low,0
2020-02-14,288,99.97569444444444,15.503004845512022,15.506773853045747,26.75,99.30555555555556,0.0,0.6944444444444444,66.0,146.0,001,36.0,low,0
2020-02-15,287,93.5226480836237,9.42670289562722,10.079593647945352,23.6,98.60627177700349,0.0,1.3937282229965158,62.0,122.0,001,36.0,low,0
2020-02-16,288,104.14236111111111,14.350663359914714,13.779852124347139,41.92307692307692,97.91666666666666,0.0,2.083333333333333,46.0,142.0,001,36.0,low,0
2020-02-17,288,101.82291666666667,16.124296792375507,15.835626517320192,35.333333333333336,100.0,0.0,0.0,78.0,152.0,001,36.0,low,0
2020-02-18,288,111.56944444444444,12.630514624961176,11.32076500681196,27.647058823529413,100.0,0.0,0.0,74.0,141.0,001,36.0,low,0
2020-02-19,284,120.30633802816901,12.777669312861226,10.620944434256998,29.923076923076923,100.0,0.0,0.0,99.0,155.0,001,36.0,low,0
2020-02-20,255,110.04313725490196,15.298151303176684,13.90195852717314,31.545454545454547,100.0,0.0,0.0,76.0,148.0,001,36.0,low,0
2020-02-21,288,110.83680555555556,12.100753227977743,10.917630806232856,30.055555555555557,100.0,0.0,0.0,87.0,142.0,001,36.0,low,0
2020-02-22,215,103.9860465116279,13.341482456510281,12.83006990271374,23.714285714285715,100.0,0.0,0.0,88.0,143.0,001,36.0,low,0
2020-02-21,155,131.43225806451613,16.735135669270402,12.732898236485923,35.45454545454545,98.70967741935483,1.2903225806451613,0.0,97.0,186.0,002,36.0,low,0
2020-02-22,288,125.51736111111111,24.099757461495994,19.200337903983087,51.25,97.56944444444444,2.430555555555556,0.0,84.0,197.0,002,36.0,low,0
2020-02-23,288,134.18402777777777,15.463807041652148,11.524327669804164,30.823529411764707,100.0,0.0,0.0,103.0,180.0,002,36.0,low,0
2020-02-24,272,131.71323529411765,20.415503079852325,15.499963260536571,38.75,97.42647058823529,2.5735294117647056,0.0,86.0,184.0,002,36.0,low,0
2020-02-25,136,131.99264705882354,21.887579181006842,16.582423088501645,46.166666666666664,94.85294117647058,5.147058823529411,0.0,95.0,200.0,002,36.0,low,0
2020-02-26,288,127.22916666666667,17.87153958346435,14.046731619556063,38.81818181818182,99.30555555555556,0.6944444444444444,0.0,85.0,184.0,002,36.0,low,0
2020-02-27,288,131.02430555555554,18.88569691933179,14.413888201318551,36.68421052631579,100.0,0.0,0.0,88.0,168.0,002,36.0,low,0
2020-02-28,288,124.93402777777777,21.995718217146656,17.605866558845605,39.05555555555556,98.26388888888889,1.7361111111111112,0.0,83.0,194.0,002,36.0,low,0
2020-02-29,116,147.30172413793105,21.53434299118111,14.619206338017257,44.0,98.27586206896551,1.7241379310344827,0.0,109.0,181.0,002,36.0,low,0
2020-02-22,158,114.67721518987342,23.45134175733909,20.449870288976083,47.142857142857146,94.9367088607595,5.063291139240507,0.0,79.0,197.0,003,36.0,low,0
2020-02-23,288,109.30902777777777,17.81341338084889,16.296378938675648,33.1875,98.95833333333334,1.0416666666666665,0.0,77.0,184.0,003,36.0,low,0
2020-02-24,288,107.10416666666667,20.978235662890647,19.586759615225656,48.111111111111114,100.0,0.0,0.0,79.0,171.0,003,36.0,low,0
2020-02-25,276,104.94927536231884,18.416211534976114,17.54772624336604,39.9,97.10144927536231,0.0,2.898550724637681,60.0,152.0,003,36.0,low,0
2020-02-26,288,111.86805555555556,22.555563038791878,20.162648690707247,58.285714285714285,95.13888888888889,2.430555555555556,2.430555555555556,63.0,190.0,003,36.0,low,0
2020-02-27,288,106.01736111111111,14.135371462030939,13.333072351439133,35.25,100.0,0.0,0.0,76.0,174.0,003,36.0,low,0
2020-02-28,288,101.84375,9.383046315548178,9.213178339906158,16.916666666666668,100.0,0.0,0.0,86.0,121.0,003,36.0,low,0
2020-02-29,288,108.78819444444444,12.036991575323698,11.064611961613817,30.181818181818183,100.0,0.0,0.0,83.0,149.0,003,36.0,low,0
2020-03-01,140,110.92857142857143,16.07288882254963,14.489403961087882,45.8,100.0,0.0,0.0,89.0,171.0,003,36.0,low,0
2020-02-27,158,104.0632911392405,13.748041768177085,13.211230989976764,24.8,97.46835443037975,0.0,2.5316455696202533,58.0,139.0,004,36.0,low,0
2020-02-28,288,110.61458333333333,17.728490366066747,16.027263161713982,34.25,98.61111111111111,1.3888888888888888,0.0,73.0,188.0,004,36.0,low,0
2020-02-29,286,110.47202797202797,14.777046581693494,13.376278912373284,25.833333333333332,100.0,0.0,0.0,90.0,160.0,004,36.0,low,0
2020-03-01,288,118.22916666666667,18.714120764070703,15.828683641857157,42.0,99.30555555555556,0.6944444444444444,0.0,82.0,181.0,004,36.0,low,0
2020-03-02,259,100.57142857142857,15.013433954878046,14.928130352861695,26.375,100.0,0.0,0.0,74.0,125.0,004,36.0,low,0
2020-03-03,226,114.49557522123894,23.413982621315082,20.449683383897078,37.90909090909091,97.34513274336283,2.6548672566371683,0.0,70.0,189.0,004,36.0,low,0
2020-03-04,288,124.31944444444444,17.34520938415697,13.952129099087273,36.76470588235294,99.30555555555556,0.6944444444444444,0.0,86.0,183.0,004,36.0,low,0
2020-03-05,288,113.09722222222223,12.157998878450162,10.7500419900333,25.692307692307693,100.0,0.0,0.0,87.0,141.0,004,36.0,low,0
2020-03-06,83,114.73493975903614,6.994118591780461,6.095892503599479,28.0,100.0,0.0,0.0,73.0,124.0,004,36.0,low,0
2020-02-27,126,120.30952380952381,25.304013197519232,21.03242735594316,47.111111111111114,99.20634920634922,0.7936507936507936,0.0,84.0,181.0,005,36.0,low,0
2020-02-28,288,104.79513888888889,16.293415634429312,15.547873505568543,38.54545454545455,100.0,0.0,0.0,78.0,166.0,005,36.0,low,0
2020-02-29,288,111.38888888888889,10.198455160185832,9.155720343308976,19.416666666666668,100.0,0.0,0.0,90.0,147.0,005,36.0,low,0
2020-03-01,289,104.1522491349481,12.917264142784708,12.40229015702585,22.53846153846154,100.0,0.0,0.0,81.0,150.0,005,36.0,low,0
2020-03-02,288,98.43055555555556,8.858574610839064,8.999821814313709,11.88888888888889,100.0,0.0,0.0,83.0,114.0,005,36.0,low,0
2020-03-03,286,104.70979020979021,12.664430751111329,12.094791447616924,20.785714285714285,100.0,0.0,0.0,79.0,141.0,005,36.0,low,0
2020-03-04,275,109.50909090909092,13.61639750417619,12.434033915485477,29.5,100.0,0.0,0.0,82.0,162.0,005,36.0,low,0
2020-03-05,288,100.07291666666667,13.437286012508057,13.427495130641963,26.09090909090909,100.0,0.0,0.0,81.0,145.0,005,36.0,low,0
2020-03-06,288,98.19444444444444,16.19789843097699,16.495738147529607,31.6,100.0,0.0,0.0,76.0,131.0,005,36.0,low,0
2020-03-07,142,104.67605633802818,16.40016716497364,15.667543981608294,47.75,100.0,0.0,0.0,70.0,149.0,005,36.0,low,0
2020-02-28,141,119.32624113475177,17.992707921633183,15.078584350373127,34.5,97.16312056737588,2.8368794326241136,0.0,98.0,205.0,006,36.0,low,0
2020-02-29,288,121.55208333333333,23.353058533775496,19.21238854436925,44.0,98.26388888888889,1.7361111111111112,0.0,81.0,205.0,006,36.0,low,0
2020-03-01,288,122.21875,24.456964665708664,20.010812306383976,52.55555555555556,97.22222222222221,2.7777777777777777,0.0,84.0,190.0,006,36.0,low,0
2020-03-02,288,119.30208333333333,27.914845634014043,23.398456132588386,46.7,93.05555555555556,6.944444444444445,0.0,79.0,208.0,006,36.0,low,0
2020-03-03,288,126.41666666666667,28.109656308425034,22.235720217607145,50.285714285714285,93.40277777777779,6.597222222222222,0.0,89.0,210.0,006,36.0,low,0
2020-03-04,288,122.90625,27.723239646424002,22.556411611634072,62.42857142857143,94.44444444444444,5.555555555555555,0.0,83.0,218.0,006,36.0,low,0
2020-03-05,288,120.63541666666667,31.38961693323576,26.02023336145957,64.4,90.625,9.375,0.0,87.0,217.0,006,36.0,low,0
2020-03-06,288,131.05208333333334,39.747388923239704,30.329459793585656,69.14285714285714,78.81944444444444,21.180555555555554,0.0,82.0,221.0,006,36.0,low,0
2020-03-07,288,130.57986111111111,27.611526578237402,21.145317772043427,44.53846153846154,94.44444444444444,5.555555555555555,0.0,87.0,200.0,006,36.0,low,0
2020-03-08,288,131.05208333333334,27.802766321072575,21.215051004077317,68.4,90.27777777777779,9.722222222222223,0.0,99.0,222.0,006,36.0,low,0
2020-03-09,114,119.89473684210526,28.051759309700067,23.39698976665063,56.666666666666664,96.49122807017544,3.508771929824561,0.0,91.0,192.0,006,36.0,low,0
2020-03-14,136,106.48529411764706,17.211908195694754,16.16364807771362,36.142857142857146,100.0,0.0,0.0,81.0,158.0,007,36.0,low,0
2020-03-15,288,91.59027777777777,12.451245583856512,13.59450575536688,23.7,98.26388888888889,0.0,1.7361111111111112,64.0,125.0,007,36.0,low,0
2020-03-16,288,97.48611111111111,16.275828239341408,16.695535449958417,33.09090909090909,100.0,0.0,0.0,73.0,148.0,007,36.0,low,0
2020-03-17,288,96.35069444444444,13.247586239931168,13.749341731594567,27.22222222222222,96.875,0.0,3.125,66.0,128.0,007,36.0,low,0
2020-03-18,209,92.76076555023923,16.2919004559494,17.563352737883246,34.1,97.1291866028708,0.0,2.8708133971291865,65.0,144.0,007,36.0,low,0
2020-03-19,288,86.51388888888889,16.763670255409426,19.376854364897717,47.4,95.48611111111111,0.0,4.513888888888888,66.0,155.0,007,36.0,low,0
2020-03-20,288,86.16319444444444,12.524327696126813,14.535588863528197,27.0,94.44444444444444,0.0,5.555555555555555,67.0,136.0,007,36.0,low,0
2020-03-21,288,97.35069444444444,29.916294093612674,30.730437275601705,59.375,87.15277777777779,3.125,9.722222222222223,46.0,192.0,007,36.0,low,0
2020-03-22,134,86.35820895522389,9.081227960456147,10.515766908927787,30.0,91.04477611940298,0.0,8.955223880597014,66.0,104.0,007,36.0,low,0
2020-03-14,120,103.325,19.450433799789653,18.824518557744643,40.857142857142854,99.16666666666667,0.0,0.8333333333333334,68.0,153.0,008,36.0,low,0
2020-03-15,271,93.13284132841328,18.015083646498052,19.34342750584798,30.8,88.19188191881919,0.0,11.808118081180812,40.0,126.0,008,36.0,low,0
2020-03-16,288,104.26736111111111,13.669513574725284,13.110059973761635,29.933333333333334,100.0,0.0,0.0,81.0,160.0,008,36.0,low,0
2020-03-17,275,112.78181818181818,18.612499132758664,16.503102568140037,40.15384615384615,100.0,0.0,0.0,79.0,168.0,008,36.0,low,0
2020-03-18,288,116.60763888888889,12.066175058247133,10.347671193089285,26.263157894736842,100.0,0.0,0.0,93.0,149.0,008,36.0,low,0
2020-03-19,266,117.32330827067669,12.64765357428185,10.780171272619112,25.85,100.0,0.0,0.0,88.0,152.0,008,36.0,low,0
2020-03-20,281,114.02491103202847,17.087885203313547,14.986098255769503,37.375,100.0,0.0,0.0,71.0,180.0,008,36.0,low,0
2020-03-21,288,119.56597222222223,15.716757967189944,13.144841860173381,27.58823529411765,100.0,0.0,0.0,73.0,161.0,008,36.0,low,0
2020-03-22,288,115.54166666666667,16.014479125674566,13.860349766180654,36.5625,100.0,0.0,0.0,73.0,179.0,008,36.0,low,0
2020-03-23,140,113.66428571428571,12.21627176835745,10.74767829805846,25.25,100.0,0.0,0.0,100.0,150.0,008,36.0,low,0
2020-03-21,158,132.50632911392404,31.00648091410075,23.399999925620552,44.25,85.44303797468355,14.556962025316455,0.0,90.0,200.0,009,36.0,low,0
2020-03-22,287,130.76306620209058,23.619065152584433,18.062489538201746,43.9,96.51567944250871,3.484320557491289,0.0,86.0,197.0,009,36.0,low,0
2020-03-23,288,127.09027777777777,17.754660262419858,13.970116812132995,37.7,97.91666666666666,2.083333333333333,0.0,99.0,193.0,009,36.0,low,0
2020-03-24,288,127.20138888888889,22.413128550122607,17.62019168650792,52.55555555555556,95.48611111111111,4.513888888888888,0.0,80.0,201.0,009,36.0,low,0
2020-03-25,288,130.88194444444446,20.0430081074901,15.313806799376952,34.470588235294116,100.0,0.0,0.0,88.0,177.0,009,36.0,low,0
2020-03-26,288,129.75,32.09967116480929,24.739630955537024,83.83333333333333,91.66666666666666,8.333333333333332,0.0,77.0,237.0,009,36.0,low,0
2020-03-27,288,120.93402777777777,16.916230138844156,13.987982083858617,35.5,100.0,0.0,0.0,97.0,175.0,009,36.0,low,0
2020-03-28,288,123.05555555555556,24.000659070168666,19.503921592010656,94.0,94.79166666666666,5.208333333333334,0.0,81.0,229.0,009,36.0,low,0
2020-03-29,133,141.3609022556391,18.781825459922352,13.286435754319838,40.5,93.98496240601504,6.015037593984962,0.0,121.0,201.0,009,36.0,low,0
2020-03-22,152,119.57236842105263,14.163798355817761,11.8453774420044,31.75,100.0,0.0,0.0,94.0,161.0,010,36.0,low,0
2020-03-23,269,109.0185873605948,23.08501397277917,21.175300957094716,47.666666666666664,94.79553903345726,1.858736059479554,3.3457249070631967,49.0,193.0,010,36.0,low,0
2020-03-24,228,96.90350877192982,13.93529489565508,14.380588558927121,28.727272727272727,99.12280701754386,0.0,0.8771929824561403,69.0,132.0,010,36.0,low,0
2020-03-25,288,124.84375,33.17252715968022,26.57123577245975,70.2,87.84722222222221,10.069444444444445,2.083333333333333,63.0,215.0,010,36.0,low,0
2020-03-26,288,108.83333333333333,17.073777815377838,15.688004118264477,39.4,100.0,0.0,0.0,75.0,176.0,010,36.0,low,0
2020-03-27,288,112.72222222222223,33.41000441576935,29.639235065739193,77.88888888888889,89.93055555555556,7.291666666666667,2.7777777777777777,54.0,225.0,010,36.0,low,0
2020-03-28,254,101.7992125984252,13.811834455768071,13.567722287059945,28.941176470588236,100.0,0.0,0.0,70.0,139.0,010,36.0,low,0
2020-03-29,269,120.93680297397769,45.57056400280415,37.681303690994454,103.57142857142857,82.15613382899627,14.12639405204461,3.717472118959108,49.0,261.0,010,36.0,high,1
2020-03-30,112,112.5625,25.297085253471963,22.473812551668598,86.0,99.10714285714286,0.8928571428571428,0.0,82.0,181.0,010,36.0,low,0
2020-04-06,175,114.77714285714286,23.837822116655424,20.768788561260077,40.0,100.0,0.0,0.0,89.0,163.0,011,36.0,low,0
2020-04-07,288,117.48263888888889,26.231601567842635,22.328066355958857,65.14285714285714,97.91666666666666,2.083333333333333,0.0,71.0,209.0,011,36.0,low,0
2020-04-08,288,121.93402777777777,20.34816284088636,16.687846052268906,41.333333333333336,97.91666666666666,2.083333333333333,0.0,94.0,193.0,011,36.0,low,0
2020-04-09,280,111.75357142857143,18.779547806492214,16.80442742583433,31.363636363636363,100.0,0.0,0.0,85.0,157.0,011,36.0,low,0
2020-04-10,283,114.99646643109541,29.33437041879795,25.508931995205934,63.0,92.57950530035336,7.420494699646643,0.0,83.0,202.0,011,36.0,low,0
2020-04-11,288,115.63541666666667,29.306611807913274,25.343975619851133,60.0,94.44444444444444,5.555555555555555,0.0,76.0,194.0,011,36.0,low,0
2020-04-12,288,113.26388888888889,23.896038174394082,21.097667057711515,46.09090909090909,99.30555555555556,0.6944444444444444,0.0,79.0,188.0,011,36.0,low,0
2020-04-13,288,121.55208333333333,19.224840949891128,15.81613446901661,38.75,97.91666666666666,2.083333333333333,0.0,95.0,196.0,011,36.0,low,0
2020-04-14,288,127.01041666666667,19.715068330361763,15.522402687728444,36.2,100.0,0.0,0.0,89.0,175.0,011,36.0,low,0
2020-04-15,288,128.19791666666666,23.59817839235692,18.40761457435821,52.75,97.91666666666666,2.083333333333333,0.0,86.0,206.0,011,36.0,low,0
2020-04-16,89,139.12359550561797,24.62976194747309,17.703511656639517,50.666666666666664,100.0,0.0,0.0,98.0,175.0,011,36.0,low,0
2020-05-03,74,132.47297297297297,16.549861576111702,12.493009860576008,32.5,100.0,0.0,0.0,110.0,173.0,012,36.0,low,0
2020-05-04,286,121.56293706293707,10.962805382892274,9.018213649458367,19.2,100.0,0.0,0.0,107.0,170.0,012,36.0,low,0
2020-05-05,288,107.49652777777777,5.643948494656867,5.250354231277425,9.304347826086957,100.0,0.0,0.0,95.0,118.0,012,36.0,low,0
2020-05-06,288,122.36805555555556,32.240469420300904,26.347128974083937,82.5,91.31944444444444,8.680555555555555,0.0,77.0,193.0,012,36.0,low,0
2020-05-07,277,129.90613718411552,14.820412253870753,11.408554341713534,32.476190476190474,100.0,0.0,0.0,98.0,166.0,012,36.0,low,0
2020-05-08,288,119.11111111111111,13.689823425891902,11.493321906065962,38.63636363636363,100.0,0.0,0.0,75.0,174.0,012,36.0,low,0
2020-05-09,288,121.12152777777777,18.169413642447008,15.000977923414666,41.857142857142854,100.0,0.0,0.0,96.0,179.0,012,36.0,low,0
2020-05-10,265,130.4867924528302,19.559700944349736,14.98979366162318,40.92857142857143,98.49056603773585,1.509433962264151,0.0,93.0,185.0,012,36.0,low,0
2020-05-11,115,125.61739130434782,19.318197147270084,15.378600802547831,64.33333333333333,96.52173913043478,3.4782608695652173,0.0,100.0,192.0,012,36.0,low,0
2020-05-28,104,104.98076923076923,13.518492156210126,12.877112880068264,38.8,100.0,0.0,0.0,83.0,137.0,013,36.0,low,0
2020-05-29,288,119.93055555555556,21.713300064507887,18.104894089688106,56.38461538461539,98.61111111111111,1.3888888888888888,0.0,83.0,190.0,013,36.0,low,0
2020-05-30,288,129.73263888888889,13.274141162117452,10.231921030671591,24.363636363636363,100.0,0.0,0.0,111.0,165.0,013,36.0,low,0
2020-05-31,288,135.52777777777777,25.782057834331983,19.023449109160715,67.44444444444444,94.79166666666666,5.208333333333334,0.0,92.0,235.0,013,36.0,low,0
2020-06-01,288,123.39236111111111,11.6211408161849,9.41803910026522,29.428571428571427,100.0,0.0,0.0,100.0,163.0,013,36.0,low,0
2020-06-02,288,128.63888888888889,31.21077785510941,24.26231921364584,66.125,91.31944444444444,8.680555555555555,0.0,91.0,228.0,013,36.0,low,0
2020-06-03,288,135.26736111111111,21.801536419676648,16.11736655509119,52.5,96.875,3.125,0.0,98.0,228.0,013,36.0,low,0
2020-06-04,147,128.1768707482993,16.773278343790157,13.086041378500973,45.0,96.5986394557823,3.4013605442176873,0.0,100.0,197.0,013,36.0,low,0
2020-06-05,91,106.31868131868131,6.384870717975064,6.005408117165176,12.454545454545455,100.0,0.0,0.0,91.0,120.0,014,36.0,low,0
2020-06-06,288,112.10069444444444,21.77409902628892,19.423696823822855,53.7,97.56944444444444,2.430555555555556,0.0,81.0,198.0,014,36.0,low,0
2020-06-07,288,109.21527777777777,14.78886743205306,13.54102441797953,28.2,100.0,0.0,0.0,80.0,160.0,014,36.0,low,0
2020-06-08,288,115.38888888888889,19.272033245926565,16.70181022757237,45.23076923076923,98.95833333333334,1.0416666666666665,0.0,70.0,183.0,014,36.0,low,0
2020-06-09,288,117.35416666666667,19.854669458481432,16.918589277598237,37.833333333333336,98.61111111111111,1.3888888888888888,0.0,81.0,187.0,014,36.0,low,0
2020-06-10,288,112.19097222222223,22.489078871737465,20.04535518882235,43.44444444444444,100.0,0.0,0.0,83.0,180.0,014,36.0,low,0
2020-06-11,288,115.10416666666667,17.971512468812033,15.613259701411359,40.38461538461539,100.0,0.0,0.0,92.0,167.0,014,36.0,low,0
2020-06-12,288,132.74652777777777,24.10657014290469,18.15984986308637,58.642857142857146,95.48611111111111,4.513888888888888,0.0,98.0,220.0,014,36.0,low,0
2020-06-13,133,120.66165413533835,13.730426789442028,11.379279430432389,41.0,100.0,0.0,0.0,100.0,172.0,014,36.0,low,0
2020-07-19,77,94.15584415584415,17.206209189621386,18.274180794494438,31.5,90.9090909090909,0.0,9.090909090909092,42.0,137.0,015,36.0,low,0
2020-07-20,35,115.2,6.084171501292748,5.281398872649954,19.5,100.0,0.0,0.0,110.0,146.0,015,36.0,low,0
2020-07-21,255,111.56862745098039,14.328437242155328,12.842711763619011,24.75,100.0,0.0,0.0,87.0,147.0,015,36.0,low,0
2020-07-22,288,110.0,13.163765503161404,11.967059548328548,21.666666666666668,100.0,0.0,0.0,82.0,140.0,015,36.0,low,0
2020-07-23,288,107.01736111111111,17.71268703289126,16.55122762231168,27.77777777777778,100.0,0.0,0.0,78.0,167.0,015,36.0,low,0
2020-07-24,288,107.89236111111111,16.229866073338,15.042646120816604,40.625,100.0,0.0,0.0,83.0,177.0,015,36.0,low,0
2020-07-25,139,109.98561151079137,6.885482184555006,6.260348140065056,11.352941176470589,100.0,0.0,0.0,98.0,126.0,015,36.0,low,0
2020-07-26,175,110.95428571428572,10.23596859418905,9.225392717634463,21.46153846153846,100.0,0.0,0.0,94.0,132.0,015,36.0,low,0
2020-07-27,128,117.6796875,13.660466221997833,11.608176833404519,30.666666666666668,100.0,0.0,0.0,86.0,141.0,015,36.0,low,0
2020-07-16,160,111.93125,18.52536162771189,16.550660899178638,34.0,100.0,0.0,0.0,77.0,159.0,016,36.0,low,0
2020-07-17,288,103.84375,12.577809045376085,12.11224464195109,28.16,100.0,0.0,0.0,78.0,153.0,016,36.0,low,0
2020-07-18,284,105.29225352112677,19.6938489501402,18.703986562685404,41.85,100.0,0.0,0.0,73.0,168.0,016,36.0,low,0
2020-07-19,288,103.35069444444444,13.933819252530563,13.482076078376625,29.894736842105264,100.0,0.0,0.0,75.0,175.0,016,36.0,low,0
2020-07-20,276,100.16304347826087,16.817613162288232,16.790237774612233,26.36842105263158,100.0,0.0,0.0,73.0,148.0,016,36.0,low,0
2020-07-21,281,100.55871886120997,17.597646350507908,17.499871269040316,38.4,97.86476868327402,0.0,2.135231316725979,63.0,160.0,016,36.0,low,0
2020-07-22,288,105.77777777777777,15.48966700580155,14.6435927575855,34.0,100.0,0.0,0.0,77.0,161.0,016,36.0,low,0
2020-07-23,288,114.43402777777777,16.58655187859884,14.49442285716681,43.285714285714285,100.0,0.0,0.0,84.0,168.0,016,36.0,low,0
2020-07-24,124,110.16129032258064,13.032457679723246,11.830342256849798,27.0,100.0,0.0,0.0,86.0,148.0,016,36.0,low,0
