participant,date,n_readings,mean_glucose,sd_glucose,cv,tir_70_180,tar_180,tbr_70,mage,label,label_str,label_median,label_p75,label_clinical,cv_threshold_median,cv_threshold_p75,label_mage_median,mage_threshold_median
1,2020-02-14,288,99.98,15.53,15.53,99.31,0.0,0.69,26.07,0,low,0,0,0,15.6,19.28,0,38.94
1,2020-02-15,287,93.52,9.44,10.1,98.61,0.0,1.39,23.19,0,low,0,0,0,15.6,19.28,0,38.94
1,2020-02-16,288,104.14,14.38,13.8,97.92,0.0,2.08,42.0,0,low,0,0,0,15.6,19.28,1,38.94
1,2020-02-17,288,101.82,16.15,15.86,100.0,0.0,0.0,32.12,1,high,1,0,0,15.6,19.28,0,38.94
1,2020-02-18,288,111.57,12.65,11.34,100.0,0.0,0.0,27.22,0,low,0,0,0,15.6,19.28,0,38.94
1,2020-02-19,284,120.31,12.8,10.64,100.0,0.0,0.0,32.67,0,low,0,0,0,15.6,19.28,0,38.94
1,2020-02-20,255,110.04,15.33,13.93,100.0,0.0,0.0,31.73,0,low,0,0,0,15.6,19.28,0,38.94
1,2020-02-21,288,110.84,12.12,10.94,100.0,0.0,0.0,29.74,0,low,0,0,0,15.6,19.28,0,38.94
1,2020-02-22,215,103.99,13.37,12.86,100.0,0.0,0.0,27.67,0,low,0,0,0,15.6,19.28,0,38.94
2,2020-02-21,155,131.43,16.79,12.77,98.71,1.29,0.0,35.45,0,low,0,0,0,15.6,19.28,0,38.94
2,2020-02-22,288,125.52,24.14,19.23,97.57,2.43,0.0,51.75,1,high,1,0,0,15.6,19.28,1,38.94
2,2020-02-23,288,134.18,15.49,11.54,100.0,0.0,0.0,31.12,0,low,0,0,0,15.6,19.28,0,38.94
2,2020-02-24,272,131.71,20.45,15.53,97.43,2.57,0.0,37.82,0,low,0,0,0,15.6,19.28,0,38.94
2,2020-02-26,288,127.23,17.9,14.07,99.31,0.69,0.0,37.69,0,low,0,0,0,15.6,19.28,0,38.94
2,2020-02-27,288,131.02,18.92,14.44,100.0,0.0,0.0,36.05,0,low,0,0,0,15.6,19.28,0,38.94
2,2020-02-28,288,124.93,22.03,17.64,98.26,1.74,0.0,41.69,1,high,1,0,0,15.6,19.28,1,38.94
3,2020-02-22,158,114.68,23.53,20.51,94.94,5.06,0.0,45.25,1,high,1,1,0,15.6,19.28,1,38.94
3,2020-02-23,288,109.31,17.84,16.32,98.96,1.04,0.0,36.4,1,high,1,0,0,15.6,19.28,0,38.94
3,2020-02-24,288,107.1,21.01,19.62,100.0,0.0,0.0,48.33,1,high,1,1,0,15.6,19.28,1,38.94
3,2020-02-25,276,104.95,18.45,17.58,97.1,0.0,2.9,41.8,1,high,1,0,0,15.6,19.28,1,38.94
3,2020-02-26,288,111.87,22.59,20.2,95.14,2.43,2.43,59.0,1,high,1,1,0,15.6,19.28,1,38.94
3,2020-02-27,288,106.02,14.16,13.36,100.0,0.0,0.0,35.88,0,low,0,0,0,15.6,19.28,0,38.94
3,2020-02-28,288,101.84,9.4,9.23,100.0,0.0,0.0,17.67,0,low,0,0,0,15.6,19.28,0,38.94
3,2020-02-29,288,108.79,12.06,11.08,100.0,0.0,0.0,28.92,0,low,0,0,0,15.6,19.28,0,38.94
4,2020-02-27,158,104.06,13.79,13.25,97.47,0.0,2.53,25.78,0,low,0,0,0,15.6,19.28,0,38.94
4,2020-02-28,288,110.61,17.76,16.06,98.61,1.39,0.0,35.0,1,high,1,0,0,15.6,19.28,0,38.94
4,2020-02-29,286,110.47,14.8,13.4,100.0,0.0,0.0,25.27,0,low,0,0,0,15.6,19.28,0,38.94
4,2020-03-01,288,118.23,18.75,15.86,99.31,0.69,0.0,40.83,1,high,1,0,0,15.6,19.28,1,38.94
4,2020-03-02,259,100.57,15.04,14.96,100.0,0.0,0.0,25.78,0,low,0,0,0,15.6,19.28,0,38.94
4,2020-03-03,226,114.5,23.47,20.5,97.35,2.65,0.0,39.08,1,high,1,1,0,15.6,19.28,1,38.94
4,2020-03-04,288,124.32,17.38,13.98,99.31,0.69,0.0,39.06,0,low,0,0,0,15.6,19.28,1,38.94
4,2020-03-05,288,113.1,12.18,10.77,100.0,0.0,0.0,24.47,0,low,0,0,0,15.6,19.28,0,38.94
5,2020-02-28,288,104.8,16.32,15.57,100.0,0.0,0.0,39.18,0,low,0,0,0,15.6,19.28,1,38.94
5,2020-02-29,288,111.39,10.22,9.17,100.0,0.0,0.0,20.29,0,low,0,0,0,15.6,19.28,0,38.94
5,2020-03-01,289,104.15,12.94,12.42,100.0,0.0,0.0,21.47,0,low,0,0,0,15.6,19.28,0,38.94
5,2020-03-02,288,98.43,8.87,9.02,100.0,0.0,0.0,12.44,0,low,0,0,0,15.6,19.28,0,38.94
5,2020-03-03,286,104.71,12.69,12.12,100.0,0.0,0.0,23.85,0,low,0,0,0,15.6,19.28,0,38.94
5,2020-03-04,275,109.51,13.64,12.46,100.0,0.0,0.0,29.0,0,low,0,0,0,15.6,19.28,0,38.94
5,2020-03-05,288,100.07,13.46,13.45,100.0,0.0,0.0,27.82,0,low,0,0,0,15.6,19.28,0,38.94
5,2020-03-06,288,98.19,16.23,16.52,100.0,0.0,0.0,30.67,1,high,1,0,0,15.6,19.28,0,38.94
6,2020-02-29,288,121.55,23.39,19.25,98.26,1.74,0.0,47.44,1,high,1,0,0,15.6,19.28,1,38.94
6,2020-03-01,288,122.22,24.5,20.05,97.22,2.78,0.0,54.78,1,high,1,1,0,15.6,19.28,1,38.94
6,2020-03-02,288,119.3,27.96,23.44,93.06,6.94,0.0,47.6,1,high,1,1,0,15.6,19.28,1,38.94
6,2020-03-03,288,126.42,28.16,22.27,93.4,6.6,0.0,55.43,1,high,1,1,0,15.6,19.28,1,38.94
6,2020-03-04,288,122.91,27.77,22.6,94.44,5.56,0.0,64.29,1,high,1,1,0,15.6,19.28,1,38.94
6,2020-03-05,288,120.64,31.44,26.07,90.62,9.38,0.0,64.4,1,high,1,1,0,15.6,19.28,1,38.94
6,2020-03-06,288,131.05,39.82,30.38,78.82,21.18,0.0,71.43,1,high,1,1,0,15.6,19.28,1,38.94
6,2020-03-07,288,130.58,27.66,21.18,94.44,5.56,0.0,45.69,1,high,1,1,0,15.6,19.28,1,38.94
6,2020-03-08,288,131.05,27.85,21.25,90.28,9.72,0.0,68.4,1,high,1,1,0,15.6,19.28,1,38.94
7,2020-03-15,288,91.59,12.47,13.62,98.26,0.0,1.74,23.08,0,low,0,0,0,15.6,19.28,0,38.94
7,2020-03-16,288,97.49,16.3,16.72,100.0,0.0,0.0,33.5,1,high,1,0,0,15.6,19.28,0,38.94
7,2020-03-17,288,96.35,13.27,13.77,96.88,0.0,3.12,28.78,0,low,0,0,0,15.6,19.28,0,38.94
7,2020-03-18,209,92.76,16.33,17.61,97.13,0.0,2.87,37.89,1,high,1,0,0,15.6,19.28,0,38.94
7,2020-03-19,288,86.51,16.79,19.41,95.49,0.0,4.51,39.14,1,high,1,1,0,15.6,19.28,1,38.94
7,2020-03-20,288,86.16,12.55,14.56,94.44,0.0,5.56,29.5,0,low,0,0,0,15.6,19.28,0,38.94
7,2020-03-21,288,97.35,29.97,30.78,87.15,3.12,9.72,57.89,1,high,1,1,0,15.6,19.28,1,38.94
8,2020-03-15,271,93.13,18.05,19.38,88.19,0.0,11.81,33.2,1,high,1,1,0,15.6,19.28,0,38.94
8,2020-03-16,288,104.27,13.69,13.13,100.0,0.0,0.0,29.0,0,low,0,0,0,15.6,19.28,0,38.94
8,2020-03-17,275,112.78,18.65,16.53,100.0,0.0,0.0,42.23,1,high,1,0,0,15.6,19.28,1,38.94
8,2020-03-18,288,116.61,12.09,10.37,100.0,0.0,0.0,25.86,0,low,0,0,0,15.6,19.28,0,38.94
8,2020-03-19,266,117.32,12.67,10.8,100.0,0.0,0.0,24.95,0,low,0,0,0,15.6,19.28,0,38.94
8,2020-03-20,281,114.02,17.12,15.01,100.0,0.0,0.0,39.94,0,low,0,0,0,15.6,19.28,1,38.94
8,2020-03-21,288,119.57,15.74,13.17,100.0,0.0,0.0,29.82,0,low,0,0,0,15.6,19.28,0,38.94
8,2020-03-22,288,115.54,16.04,13.88,100.0,0.0,0.0,40.5,0,low,0,0,0,15.6,19.28,1,38.94
9,2020-03-21,158,132.51,31.11,23.47,85.44,14.56,0.0,68.33,1,high,1,1,0,15.6,19.28,1,38.94
9,2020-03-22,287,130.76,23.66,18.09,96.52,3.48,0.0,44.18,1,high,1,0,0,15.6,19.28,1,38.94
9,2020-03-23,288,127.09,17.79,13.99,97.92,2.08,0.0,37.0,0,low,0,0,0,15.6,19.28,0,38.94
9,2020-03-24,288,127.2,22.45,17.65,95.49,4.51,0.0,52.67,1,high,1,0,0,15.6,19.28,1,38.94
9,2020-03-25,288,130.88,20.08,15.34,100.0,0.0,0.0,39.06,0,low,0,0,0,15.6,19.28,1,38.94
9,2020-03-26,288,129.75,32.16,24.78,91.67,8.33,0.0,85.67,1,high,1,1,0,15.6,19.28,1,38.94
9,2020-03-27,288,120.93,16.95,14.01,100.0,0.0,0.0,38.83,0,low,0,0,0,15.6,19.28,0,38.94
9,2020-03-28,288,123.06,24.04,19.54,94.79,5.21,0.0,94.0,1,high,1,1,0,15.6,19.28,1,38.94
10,2020-03-22,152,119.57,14.21,11.88,100.0,0.0,0.0,31.0,0,low,0,0,0,15.6,19.28,0,38.94
10,2020-03-23,269,109.02,23.13,21.21,94.8,1.86,3.35,49.58,1,high,1,1,0,15.6,19.28,1,38.94
10,2020-03-24,228,96.9,13.97,14.41,99.12,0.0,0.88,28.82,0,low,0,0,0,15.6,19.28,0,38.94
10,2020-03-25,288,124.84,33.23,26.62,87.85,10.07,2.08,70.2,1,high,1,1,0,15.6,19.28,1,38.94
10,2020-03-26,288,108.83,17.1,15.72,100.0,0.0,0.0,45.77,1,high,1,0,0,15.6,19.28,1,38.94
10,2020-03-27,288,112.72,33.47,29.69,89.93,7.29,2.78,77.88,1,high,1,1,0,15.6,19.28,1,38.94
10,2020-03-28,254,101.8,13.84,13.59,100.0,0.0,0.0,32.86,0,low,0,0,0,15.6,19.28,0,38.94
10,2020-03-29,269,120.94,45.66,37.75,82.16,14.13,3.72,109.71,1,high,1,1,1,15.6,19.28,1,38.94
11,2020-04-06,175,114.78,23.91,20.83,100.0,0.0,0.0,40.75,1,high,1,1,0,15.6,19.28,1,38.94
11,2020-04-07,288,117.48,26.28,22.37,97.92,2.08,0.0,65.57,1,high,1,1,0,15.6,19.28,1,38.94
11,2020-04-08,288,121.93,20.38,16.72,97.92,2.08,0.0,41.23,1,high,1,0,0,15.6,19.28,1,38.94
11,2020-04-09,280,111.75,18.81,16.83,100.0,0.0,0.0,33.0,1,high,1,0,0,15.6,19.28,0,38.94
11,2020-04-10,283,115.0,29.39,25.55,92.58,7.42,0.0,63.33,1,high,1,1,0,15.6,19.28,1,38.94
11,2020-04-11,288,115.64,29.36,25.39,94.44,5.56,0.0,61.2,1,high,1,1,0,15.6,19.28,1,38.94
11,2020-04-12,288,113.26,23.94,21.13,99.31,0.69,0.0,46.64,1,high,1,1,0,15.6,19.28,1,38.94
11,2020-04-13,288,121.55,19.26,15.84,97.92,2.08,0.0,39.5,1,high,1,0,0,15.6,19.28,1,38.94
11,2020-04-14,288,127.01,19.75,15.55,100.0,0.0,0.0,35.45,0,low,0,0,0,15.6,19.28,0,38.94
11,2020-04-15,288,128.2,23.64,18.44,97.92,2.08,0.0,52.88,1,high,1,0,0,15.6,19.28,1,38.94
12,2020-05-04,286,121.56,10.98,9.03,100.0,0.0,0.0,18.17,0,low,0,0,0,15.6,19.28,0,38.94
12,2020-05-05,288,107.5,5.65,5.26,100.0,0.0,0.0,9.71,0,low,0,0,0,15.6,19.28,0,38.94
12,2020-05-06,288,122.37,32.3,26.39,91.32,8.68,0.0,82.5,1,high,1,1,0,15.6,19.28,1,38.94
12,2020-05-07,277,129.91,14.85,11.43,100.0,0.0,0.0,32.62,0,low,0,0,0,15.6,19.28,0,38.94
12,2020-05-08,288,119.11,13.71,11.51,100.0,0.0,0.0,42.4,0,low,0,0,0,15.6,19.28,1,38.94
12,2020-05-09,288,121.12,18.2,15.03,100.0,0.0,0.0,41.86,0,low,0,0,0,15.6,19.28,1,38.94
12,2020-05-10,265,130.49,19.6,15.02,98.49,1.51,0.0,40.4,0,low,0,0,0,15.6,19.28,1,38.94
13,2020-05-29,288,119.93,21.75,18.14,98.61,1.39,0.0,56.54,1,high,1,0,0,15.6,19.28,1,38.94
13,2020-05-30,288,129.73,13.3,10.25,100.0,0.0,0.0,25.67,0,low,0,0,0,15.6,19.28,0,38.94
13,2020-05-31,288,135.53,25.83,19.06,94.79,5.21,0.0,67.44,1,high,1,0,0,15.6,19.28,1,38.94
13,2020-06-01,288,123.39,11.64,9.43,100.0,0.0,0.0,29.67,0,low,0,0,0,15.6,19.28,0,38.94
13,2020-06-02,288,128.64,31.27,24.3,91.32,8.68,0.0,68.12,1,high,1,1,0,15.6,19.28,1,38.94
13,2020-06-03,288,135.27,21.84,16.15,96.88,3.12,0.0,52.92,1,high,1,0,0,15.6,19.28,1,38.94
13,2020-06-04,147,128.18,16.83,13.13,96.6,3.4,0.0,49.6,0,low,0,0,0,15.6,19.28,1,38.94
14,2020-06-06,288,112.1,21.81,19.46,97.57,2.43,0.0,54.7,1,high,1,1,0,15.6,19.28,1,38.94
14,2020-06-07,288,109.22,14.81,13.56,100.0,0.0,0.0,28.57,0,low,0,0,0,15.6,19.28,0,38.94
14,2020-06-08,288,115.39,19.31,16.73,98.96,1.04,0.0,47.25,1,high,1,0,0,15.6,19.28,1,38.94
14,2020-06-09,288,117.35,19.89,16.95,98.61,1.39,0.0,37.08,1,high,1,0,0,15.6,19.28,0,38.94
14,2020-06-10,288,112.19,22.53,20.08,100.0,0.0,0.0,45.11,1,high,1,1,0,15.6,19.28,1,38.94
14,2020-06-11,288,115.1,18.0,15.64,100.0,0.0,0.0,40.69,1,high,1,0,0,15.6,19.28,1,38.94
14,2020-06-12,288,132.75,24.15,18.19,95.49,4.51,0.0,59.0,1,high,1,0,0,15.6,19.28,1,38.94
15,2020-07-21,255,111.57,14.36,12.87,100.0,0.0,0.0,25.38,0,low,0,0,0,15.6,19.28,0,38.94
15,2020-07-22,288,110.0,13.19,11.99,100.0,0.0,0.0,22.73,0,low,0,0,0,15.6,19.28,0,38.94
15,2020-07-23,288,107.02,17.74,16.58,100.0,0.0,0.0,37.14,1,high,1,0,0,15.6,19.28,0,38.94
15,2020-07-24,288,107.89,16.26,15.07,100.0,0.0,0.0,39.33,0,low,0,0,0,15.6,19.28,1,38.94
15,2020-07-26,175,110.95,10.27,9.25,100.0,0.0,0.0,22.23,0,low,0,0,0,15.6,19.28,0,38.94
16,2020-07-16,160,111.93,18.58,16.6,100.0,0.0,0.0,34.27,1,high,1,0,0,15.6,19.28,0,38.94
16,2020-07-17,288,103.84,12.6,12.13,100.0,0.0,0.0,28.7,0,low,0,0,0,15.6,19.28,0,38.94
16,2020-07-18,284,105.29,19.73,18.74,100.0,0.0,0.0,41.9,1,high,1,0,0,15.6,19.28,1,38.94
16,2020-07-19,288,103.35,13.96,13.51,100.0,0.0,0.0,28.81,0,low,0,0,0,15.6,19.28,0,38.94
16,2020-07-20,276,100.16,16.85,16.82,100.0,0.0,0.0,28.32,1,high,1,0,0,15.6,19.28,0,38.94
16,2020-07-21,281,100.56,17.63,17.53,97.86,0.0,2.14,44.0,1,high,1,0,0,15.6,19.28,1,38.94
16,2020-07-22,288,105.78,15.52,14.67,100.0,0.0,0.0,33.9,0,low,0,0,0,15.6,19.28,0,38.94
16,2020-07-23,288,114.43,16.62,14.52,100.0,0.0,0.0,43.13,0,low,0,0,0,15.6,19.28,1,38.94
