participant,date,n_readings,mean_glucose,sd_glucose,cv,tir_70_180,tar_180,tbr_70,mage,label,label_str,label_median,label_p75,label_clinical,cv_threshold_median,cv_threshold_p75,hr_mean,hr_std,hr_min,hr_max,ibi_mean,ibi_sdnn,ibi_rmssd,ibi_pnn50,acc_mean_mag,acc_std_mag,acc_active_pct,eda_mean,eda_std,eda_n_peaks,temp_mean,temp_std,temp_min,label_mage_median,mage_threshold_median
1,2020-02-14,288,99.98,15.53,15.53,99.31,0.0,0.69,26.07,0,low,0,0,0,15.6,19.28,74.462,13.634,50.25,155.17,0.9169,0.1278,0.067,31.82,64.139,1.526,0.23,1.6744,3.4043,3313.0,33.849,2.156,28.81,0,38.94
1,2020-02-15,287,93.52,9.44,10.1,98.61,0.0,1.39,23.19,0,low,0,0,0,15.6,19.28,72.527,17.043,47.63,143.1,1.0023,0.1307,0.0718,41.48,64.455,1.817,0.56,1.4211,1.7827,1601.0,33.416,2.539,22.87,0,38.94
1,2020-02-16,288,104.14,14.38,13.8,97.92,0.0,2.08,42.0,0,low,0,0,0,15.6,19.28,76.077,20.933,51.13,181.05,0.9925,0.1356,0.095,44.74,63.897,1.557,0.28,0.2066,0.3778,1148.0,32.979,2.221,27.57,1,38.94
1,2020-02-17,288,101.82,16.15,15.86,100.0,0.0,0.0,32.12,1,high,1,0,0,15.6,19.28,77.859,18.161,46.93,187.12,0.9712,0.1439,0.0745,39.87,63.8,1.744,0.45,0.4483,0.8069,3809.0,32.86,2.34,21.95,0,38.94
1,2020-02-18,288,111.57,12.65,11.34,100.0,0.0,0.0,27.22,0,low,0,0,0,15.6,19.28,71.01,14.81,49.1,144.62,0.9819,0.1347,0.0764,38.71,63.756,1.497,0.2,0.7157,1.5498,2199.0,32.536,3.21,25.01,0,38.94
1,2020-02-19,284,120.31,12.8,10.64,100.0,0.0,0.0,32.67,0,low,0,0,0,15.6,19.28,68.283,13.132,50.75,146.1,0.9735,0.1012,0.0645,29.93,63.916,1.204,0.09,0.623,1.1125,1258.0,34.983,1.438,28.75,0,38.94
1,2020-02-20,255,110.04,15.33,13.93,100.0,0.0,0.0,31.73,0,low,0,0,0,15.6,19.28,73.202,16.49,50.95,154.37,0.9782,0.122,0.0722,36.88,64.112,1.725,0.49,1.3804,2.1699,3082.0,33.211,2.654,28.27,0,38.94
1,2020-02-21,288,110.84,12.12,10.94,100.0,0.0,0.0,29.74,0,low,0,0,0,15.6,19.28,76.999,15.497,52.67,176.82,0.906,0.1101,0.0752,38.33,64.266,2.314,1.22,0.6538,0.9525,1912.0,33.378,2.069,28.95,0,38.94
1,2020-02-22,215,103.99,13.37,12.86,100.0,0.0,0.0,27.67,0,low,0,0,0,15.6,19.28,69.613,17.091,50.12,147.02,1.0184,0.121,0.0821,41.52,64.028,1.615,0.35,0.8777,1.5698,1688.0,32.009,3.555,23.97,0,38.94
2,2020-02-21,155,131.43,16.79,12.77,98.71,1.29,0.0,35.45,0,low,0,0,0,15.6,19.28,83.731,7.73,54.8,125.28,0.738,0.073,0.0515,20.15,64.753,1.444,0.23,0.3325,0.3121,319.0,34.126,0.593,26.31,0,38.94
2,2020-02-22,288,125.52,24.14,19.23,97.57,2.43,0.0,51.75,1,high,1,0,0,15.6,19.28,88.884,18.007,54.57,185.73,0.7501,0.1457,0.053,21.07,64.868,2.138,0.63,1.9948,2.2906,4469.0,34.007,1.853,22.07,1,38.94
2,2020-02-23,288,134.18,15.49,11.54,100.0,0.0,0.0,31.12,0,low,0,0,0,15.6,19.28,78.254,12.633,51.82,136.27,0.8135,0.1343,0.0683,33.82,64.655,1.622,0.24,0.6043,0.769,1232.0,34.427,0.685,26.07,0,38.94
2,2020-02-24,272,131.71,20.45,15.53,97.43,2.57,0.0,37.82,0,low,0,0,0,15.6,19.28,80.419,13.329,53.5,130.53,0.8115,0.1334,0.0547,23.0,64.92,1.921,0.4,1.0668,1.216,2300.0,34.14,1.089,26.09,0,38.94
2,2020-02-26,288,127.23,17.9,14.07,99.31,0.69,0.0,37.69,0,low,0,0,0,15.6,19.28,74.784,12.782,51.52,115.97,0.8524,0.1493,0.0532,21.29,64.448,1.508,0.2,0.9825,0.6575,872.0,34.219,0.693,24.91,0,38.94
2,2020-02-27,288,131.02,18.92,14.44,100.0,0.0,0.0,36.05,0,low,0,0,0,15.6,19.28,81.167,9.483,56.6,128.22,0.7605,0.1012,0.052,21.75,65.037,1.67,0.32,0.504,0.5024,831.0,34.468,0.671,26.17,0,38.94
2,2020-02-28,288,124.93,22.03,17.64,98.26,1.74,0.0,41.69,1,high,1,0,0,15.6,19.28,89.367,20.464,55.67,142.33,0.7508,0.1666,0.0508,19.83,64.961,2.594,1.23,2.6057,4.1208,3416.0,34.549,0.853,25.79,1,38.94
3,2020-02-22,158,114.68,23.53,20.51,94.94,5.06,0.0,45.25,1,high,1,1,0,15.6,19.28,,,,,0.6867,0.0611,0.0505,18.24,,,,,,,,,,1,38.94
3,2020-02-23,288,109.31,17.84,16.32,98.96,1.04,0.0,36.4,1,high,1,0,0,15.6,19.28,82.691,11.735,54.23,161.25,0.782,0.0777,0.0434,11.43,65.917,3.31,1.87,0.97,1.9103,4317.0,33.788,1.71,20.53,0,38.94
3,2020-02-24,288,107.1,21.01,19.62,100.0,0.0,0.0,48.33,1,high,1,1,0,15.6,19.28,80.838,17.157,52.2,154.67,0.8487,0.1429,0.0476,16.45,64.588,2.676,1.55,0.9152,1.8274,2121.0,34.411,1.711,25.69,1,38.94
3,2020-02-26,288,111.87,22.59,20.2,95.14,2.43,2.43,59.0,1,high,1,1,0,15.6,19.28,83.148,21.313,48.13,177.52,0.9023,0.1756,0.0746,35.71,65.22,2.88,1.61,0.566,1.6463,1831.0,32.86,2.965,22.13,1,38.94
3,2020-02-27,288,106.02,14.16,13.36,100.0,0.0,0.0,35.88,0,low,0,0,0,15.6,19.28,87.928,15.066,55.42,157.93,0.7334,0.1093,0.076,33.98,66.693,3.668,2.56,1.7209,3.6669,4552.0,32.488,2.296,21.53,0,38.94
3,2020-02-28,288,101.84,9.4,9.23,100.0,0.0,0.0,17.67,0,low,0,0,0,15.6,19.28,77.351,19.023,52.57,179.5,0.926,0.1123,0.0615,26.84,65.343,2.899,1.76,1.4984,3.5856,1403.0,32.639,3.814,20.73,0,38.94
3,2020-02-29,288,108.79,12.06,11.08,100.0,0.0,0.0,28.92,0,low,0,0,0,15.6,19.28,86.444,14.082,58.65,149.0,0.7425,0.1009,0.0588,22.75,66.64,3.36,2.52,1.431,2.5149,2694.0,34.057,1.272,30.35,0,38.94
4,2020-02-27,158,104.06,13.79,13.25,97.47,0.0,2.53,25.78,0,low,0,0,0,15.6,19.28,,,,,0.7747,0.0691,0.0464,17.71,,,,,,,,,,0,38.94
4,2020-02-28,288,110.61,17.76,16.06,98.61,1.39,0.0,35.0,1,high,1,0,0,15.6,19.28,,,,,0.8063,0.0808,0.0486,20.92,,,,,,,,,,0,38.94
4,2020-02-29,286,110.47,14.8,13.4,100.0,0.0,0.0,25.27,0,low,0,0,0,15.6,19.28,,,,,0.8692,0.097,0.076,35.93,,,,,,,,,,0,38.94
4,2020-03-01,288,118.23,18.75,15.86,99.31,0.69,0.0,40.83,1,high,1,0,0,15.6,19.28,80.996,17.927,52.63,201.1,0.8594,0.1134,0.0709,33.2,65.637,5.209,3.5,0.6073,1.0561,1610.0,34.291,1.196,25.47,1,38.94
4,2020-03-02,259,100.57,15.04,14.96,100.0,0.0,0.0,25.78,0,low,0,0,0,15.6,19.28,80.096,17.007,55.23,201.57,0.8866,0.1001,0.076,36.96,66.113,7.287,3.95,0.5487,1.0486,1341.0,34.189,1.032,25.73,0,38.94
4,2020-03-03,226,114.5,23.47,20.5,97.35,2.65,0.0,39.08,1,high,1,1,0,15.6,19.28,79.116,14.697,54.52,166.85,0.8637,0.1131,0.0702,34.2,65.073,2.469,1.03,0.3465,0.4489,1099.0,34.324,0.963,24.35,1,38.94
4,2020-03-04,288,124.32,17.38,13.98,99.31,0.69,0.0,39.06,0,low,0,0,0,15.6,19.28,79.333,12.873,56.05,160.93,0.8214,0.088,0.0588,24.56,64.469,1.885,0.62,0.2544,0.3406,960.0,34.634,1.177,24.81,1,38.94
4,2020-03-05,288,113.1,12.18,10.77,100.0,0.0,0.0,24.47,0,low,0,0,0,15.6,19.28,73.368,13.729,51.0,159.32,0.8947,0.1031,0.0624,27.5,64.529,2.709,1.3,0.5827,1.6092,512.0,34.906,0.805,24.93,0,38.94
5,2020-02-28,288,104.8,16.32,15.57,100.0,0.0,0.0,39.18,0,low,0,0,0,15.6,19.28,80.217,12.362,57.1,163.23,0.8333,0.0882,0.0516,19.25,64.373,2.916,1.65,1.3534,2.7995,4112.0,33.649,0.903,30.21,1,38.94
5,2020-02-29,288,111.39,10.22,9.17,100.0,0.0,0.0,20.29,0,low,0,0,0,15.6,19.28,80.284,12.109,58.0,146.55,0.8418,0.0908,0.0497,19.42,64.151,3.209,2.08,1.2952,1.5779,4985.0,33.549,1.216,21.31,0,38.94
5,2020-03-01,289,104.15,12.94,12.42,100.0,0.0,0.0,21.47,0,low,0,0,0,15.6,19.28,82.907,14.625,57.97,164.08,0.8379,0.1051,0.0579,23.68,64.41,3.268,2.18,2.9565,4.9617,5437.0,33.339,1.081,24.91,0,38.94
5,2020-03-02,288,98.43,8.87,9.02,100.0,0.0,0.0,12.44,0,low,0,0,0,15.6,19.28,78.737,13.344,56.07,159.93,0.89,0.1032,0.0548,23.4,64.266,3.465,2.6,1.5535,2.1469,4831.0,33.251,1.392,21.93,0,38.94
5,2020-03-03,286,104.71,12.69,12.12,100.0,0.0,0.0,23.85,0,low,0,0,0,15.6,19.28,74.943,15.119,48.0,150.32,0.9524,0.1246,0.0696,32.69,64.172,2.962,1.85,1.0085,1.0362,3691.0,33.679,0.92,25.59,0,38.94
5,2020-03-04,275,109.51,13.64,12.46,100.0,0.0,0.0,29.0,0,low,0,0,0,15.6,19.28,72.044,14.419,49.78,136.18,0.9587,0.119,0.082,40.95,64.124,2.555,1.2,1.358,1.5185,3906.0,33.286,0.954,26.23,0,38.94
5,2020-03-05,288,100.07,13.46,13.45,100.0,0.0,0.0,27.82,0,low,0,0,0,15.6,19.28,74.345,15.874,47.82,152.23,0.9561,0.1525,0.0893,42.92,64.267,2.926,1.71,4.1165,6.0118,4532.0,33.43,0.997,25.59,0,38.94
5,2020-03-06,288,98.19,16.23,16.52,100.0,0.0,0.0,30.67,1,high,1,0,0,15.6,19.28,76.987,13.013,52.32,159.75,0.8924,0.0972,0.0625,30.49,63.993,3.041,1.88,1.7787,2.6816,4093.0,33.092,0.858,26.81,0,38.94
6,2020-02-29,288,121.55,23.39,19.25,98.26,1.74,0.0,47.44,1,high,1,0,0,15.6,19.28,82.511,18.58,51.88,175.28,0.787,0.112,0.0724,28.35,63.85,2.295,0.61,1.227,4.0862,2173.0,34.001,1.23,24.31,1,38.94
6,2020-03-01,288,122.22,24.5,20.05,97.22,2.78,0.0,54.78,1,high,1,1,0,15.6,19.28,77.403,13.246,44.5,170.85,0.8112,0.0772,0.0613,23.68,63.696,1.105,0.03,0.4878,1.0122,2268.0,33.599,1.102,26.57,1,38.94
6,2020-03-02,288,119.3,27.96,23.44,93.06,6.94,0.0,47.6,1,high,1,1,0,15.6,19.28,83.919,18.565,49.88,174.77,0.7883,0.1175,0.0764,31.42,64.069,2.933,0.95,2.4097,5.7601,2869.0,34.142,1.022,30.09,1,38.94
6,2020-03-03,288,126.42,28.16,22.27,93.4,6.6,0.0,55.43,1,high,1,1,0,15.6,19.28,82.321,17.83,52.02,162.45,0.7905,0.1182,0.08,32.03,63.898,2.746,0.66,0.5156,2.3281,1089.0,32.506,1.642,24.57,1,38.94
6,2020-03-04,288,122.91,27.77,22.6,94.44,5.56,0.0,64.29,1,high,1,1,0,15.6,19.28,80.085,18.288,40.98,202.25,0.839,0.0871,0.0773,30.79,63.818,1.202,0.04,0.1999,0.7444,1337.0,32.66,1.353,27.69,1,38.94
6,2020-03-05,288,120.64,31.44,26.07,90.62,9.38,0.0,64.4,1,high,1,1,0,15.6,19.28,83.353,20.71,47.65,185.12,0.82,0.106,0.0684,25.31,63.783,2.776,0.91,0.5947,1.5944,1999.0,33.77,1.708,25.29,1,38.94
6,2020-03-08,288,131.05,27.85,21.25,90.28,9.72,0.0,68.4,1,high,1,1,0,15.6,19.28,73.175,18.231,43.68,148.23,0.8917,0.1038,0.078,31.16,63.745,0.86,0.05,0.8585,2.5347,446.0,33.127,0.979,26.53,1,38.94
7,2020-03-15,288,91.59,12.47,13.62,98.26,0.0,1.74,23.08,0,low,0,0,0,15.6,19.28,75.548,13.099,54.68,164.42,0.8804,0.1089,0.0461,12.56,64.294,2.18,0.84,3.7355,3.3492,3821.0,32.495,2.856,24.63,0,38.94
7,2020-03-16,288,97.49,16.3,16.72,100.0,0.0,0.0,33.5,1,high,1,0,0,15.6,19.28,76.577,21.744,53.92,200.28,0.9007,0.0998,0.0479,17.04,64.311,1.931,0.53,1.858,3.0025,2565.0,32.822,3.28,22.13,0,38.94
7,2020-03-17,288,96.35,13.27,13.77,96.88,0.0,3.12,28.78,0,low,0,0,0,15.6,19.28,70.265,11.187,51.68,161.7,0.9328,0.1126,0.0522,20.92,64.482,1.836,0.35,1.0839,2.2096,1973.0,33.474,1.705,25.77,0,38.94
7,2020-03-18,209,92.76,16.33,17.61,97.13,0.0,2.87,37.89,1,high,1,0,0,15.6,19.28,70.687,10.878,52.03,146.15,0.9153,0.097,0.0502,18.96,64.273,2.156,0.77,1.1312,1.6464,1924.0,33.34,1.615,24.95,0,38.94
7,2020-03-19,288,86.51,16.79,19.41,95.49,0.0,4.51,39.14,1,high,1,1,0,15.6,19.28,70.199,11.211,52.35,124.57,0.9296,0.1086,0.0545,21.73,64.401,2.004,0.63,2.5248,2.783,3535.0,33.407,1.988,23.61,1,38.94
7,2020-03-20,288,86.16,12.55,14.56,94.44,0.0,5.56,29.5,0,low,0,0,0,15.6,19.28,80.972,22.415,50.7,199.42,0.8728,0.1373,0.0584,21.41,64.162,2.465,1.09,1.959,2.3751,3298.0,32.678,3.243,22.45,0,38.94
7,2020-03-21,288,97.35,29.97,30.78,87.15,3.12,9.72,57.89,1,high,1,1,0,15.6,19.28,73.078,14.237,47.6,181.6,0.9044,0.1121,0.0485,17.82,64.459,2.168,0.98,1.3998,2.8496,3094.0,33.14,1.603,25.19,1,38.94
8,2020-03-15,271,93.13,18.05,19.38,88.19,0.0,11.81,33.2,1,high,1,1,0,15.6,19.28,71.819,13.456,53.38,158.25,0.9258,0.0885,0.0576,23.18,63.968,1.728,0.56,0.2099,0.2398,800.0,33.069,2.049,23.97,0,38.94
8,2020-03-16,288,104.27,13.69,13.13,100.0,0.0,0.0,29.0,0,low,0,0,0,15.6,19.28,76.362,16.832,52.62,160.42,0.9389,0.1221,0.0605,25.34,64.067,1.82,0.4,0.7637,1.7943,2388.0,32.205,2.235,20.01,0,38.94
8,2020-03-17,275,112.78,18.65,16.53,100.0,0.0,0.0,42.23,1,high,1,0,0,15.6,19.28,78.046,16.28,51.42,186.67,0.9,0.1032,0.0615,20.8,63.626,1.464,0.21,0.2907,0.4208,1128.0,32.431,2.186,24.39,1,38.94
8,2020-03-18,288,116.61,12.09,10.37,100.0,0.0,0.0,25.86,0,low,0,0,0,15.6,19.28,73.502,11.577,54.82,146.53,0.886,0.0794,0.0641,25.46,63.78,1.575,0.41,0.2549,0.3587,884.0,33.832,1.403,24.93,0,38.94
8,2020-03-19,266,117.32,12.67,10.8,100.0,0.0,0.0,24.95,0,low,0,0,0,15.6,19.28,84.484,17.461,56.07,154.4,0.8538,0.1408,0.0565,20.8,63.931,2.344,1.04,0.5252,0.6094,4464.0,33.945,1.743,23.03,0,38.94
8,2020-03-20,281,114.02,17.12,15.01,100.0,0.0,0.0,39.94,0,low,0,0,0,15.6,19.28,78.759,15.212,53.72,162.05,0.8598,0.1007,0.0578,20.2,64.107,1.86,0.6,0.5421,1.2386,1695.0,32.665,1.868,21.99,1,38.94
8,2020-03-21,288,119.57,15.74,13.17,100.0,0.0,0.0,29.82,0,low,0,0,0,15.6,19.28,81.228,13.005,51.0,134.8,0.8317,0.1114,0.0641,25.49,63.754,1.99,0.58,0.2854,0.3167,1405.0,33.294,1.954,26.05,0,38.94
8,2020-03-22,288,115.54,16.04,13.88,100.0,0.0,0.0,40.5,0,low,0,0,0,15.6,19.28,76.097,15.582,48.0,171.87,0.9071,0.1033,0.0779,27.7,63.824,1.597,0.21,0.3195,0.3873,943.0,33.291,1.759,23.75,1,38.94
9,2020-03-21,158,132.51,31.11,23.47,85.44,14.56,0.0,68.33,1,high,1,1,0,15.6,19.28,80.923,13.589,53.73,163.1,0.8665,0.0822,0.0575,15.44,66.085,2.23,0.68,0.2885,0.3116,2529.0,33.009,1.675,23.91,1,38.94
9,2020-03-22,287,130.76,23.66,18.09,96.52,3.48,0.0,44.18,1,high,1,0,0,15.6,19.28,79.119,15.552,53.12,201.05,0.9041,0.0887,0.0494,11.88,66.004,3.622,1.64,0.8424,3.1136,2199.0,33.118,1.899,21.85,1,38.94
9,2020-03-23,288,127.09,17.79,13.99,97.92,2.08,0.0,37.0,0,low,0,0,0,15.6,19.28,76.572,15.784,49.0,151.4,0.9531,0.0589,0.0461,12.13,65.736,1.956,0.49,0.37,0.1982,2097.0,33.267,1.198,23.51,0,38.94
9,2020-03-24,288,127.2,22.45,17.65,95.49,4.51,0.0,52.67,1,high,1,0,0,15.6,19.28,75.465,13.352,56.43,148.07,0.919,0.0714,0.0434,9.73,65.769,2.279,0.76,0.4613,0.2973,1763.0,33.994,1.432,22.95,1,38.94
9,2020-03-25,288,130.88,20.08,15.34,100.0,0.0,0.0,39.06,0,low,0,0,0,15.6,19.28,77.904,20.458,56.15,168.1,0.9265,0.0869,0.0352,6.46,66.132,3.149,2.42,4.5587,11.9324,2227.0,34.678,0.971,31.69,1,38.94
9,2020-03-26,288,129.75,32.16,24.78,91.67,8.33,0.0,85.67,1,high,1,1,0,15.6,19.28,79.948,12.755,60.08,136.55,0.8475,0.0749,0.0458,15.04,66.14,3.04,1.36,1.9136,2.6756,2380.0,34.001,1.843,23.01,1,38.94
9,2020-03-27,288,120.93,16.95,14.01,100.0,0.0,0.0,38.83,0,low,0,0,0,15.6,19.28,74.022,15.913,48.0,196.08,0.953,0.0613,0.034,5.44,65.652,1.999,0.5,0.6325,0.609,1028.0,33.988,1.563,24.73,0,38.94
9,2020-03-28,288,123.06,24.04,19.54,94.79,5.21,0.0,94.0,1,high,1,1,0,15.6,19.28,77.663,16.118,55.18,150.87,0.9573,0.0659,0.0401,6.53,65.748,2.3,0.7,0.2933,0.2235,2663.0,33.026,2.087,22.73,1,38.94
10,2020-03-22,152,119.57,14.21,11.88,100.0,0.0,0.0,31.0,0,low,0,0,0,15.6,19.28,77.848,17.745,52.55,179.55,0.9678,0.083,0.0557,17.52,64.531,2.862,1.52,1.3497,2.2446,2818.0,32.941,2.487,21.45,0,38.94
10,2020-03-23,269,109.02,23.13,21.21,94.8,1.86,3.35,49.58,1,high,1,1,0,15.6,19.28,74.925,21.08,50.62,177.82,1.0039,0.0988,0.0563,19.6,64.129,2.144,0.77,1.0276,1.7111,3966.0,33.328,2.373,21.09,1,38.94
10,2020-03-24,228,96.9,13.97,14.41,99.12,0.0,0.88,28.82,0,low,0,0,0,15.6,19.28,69.486,17.447,52.68,193.35,0.9994,0.0884,0.0531,21.14,63.833,2.21,0.68,1.3261,2.6365,3126.0,34.022,2.568,20.45,0,38.94
10,2020-03-25,288,124.84,33.23,26.62,87.85,10.07,2.08,70.2,1,high,1,1,0,15.6,19.28,70.498,16.811,49.45,180.85,1.0263,0.109,0.0568,21.31,63.901,2.609,1.3,2.7055,4.2182,4901.0,34.022,1.346,24.41,1,38.94
10,2020-03-26,288,108.83,17.1,15.72,100.0,0.0,0.0,45.77,1,high,1,0,0,15.6,19.28,74.205,21.157,50.07,197.43,1.0184,0.1077,0.0602,26.7,64.389,3.085,1.42,2.6684,3.9224,4685.0,33.672,2.18,23.79,1,38.94
10,2020-03-27,288,112.72,33.47,29.69,89.93,7.29,2.78,77.88,1,high,1,1,0,15.6,19.28,72.895,18.715,48.0,153.73,1.0526,0.0818,0.0638,24.73,63.974,2.098,0.69,1.5338,2.3709,4246.0,33.275,2.056,24.03,1,38.94
10,2020-03-28,254,101.8,13.84,13.59,100.0,0.0,0.0,32.86,0,low,0,0,0,15.6,19.28,78.067,22.932,50.03,203.77,1.0274,0.1093,0.0606,28.32,64.56,3.799,1.5,1.9756,3.9205,4428.0,33.091,2.234,24.31,0,38.94
10,2020-03-29,269,120.94,45.66,37.75,82.16,14.13,3.72,109.71,1,high,1,1,1,15.6,19.28,75.626,21.03,51.78,189.85,1.0058,0.0878,0.0555,20.48,64.412,2.12,0.75,1.9821,3.7975,4262.0,33.535,2.0,24.45,1,38.94
11,2020-04-06,175,114.78,23.91,20.83,100.0,0.0,0.0,40.75,1,high,1,1,0,15.6,19.28,87.297,15.886,56.5,142.72,0.8253,0.1667,0.0489,15.07,65.902,3.628,2.29,5.126,5.8118,4401.0,33.968,1.929,21.43,1,38.94
11,2020-04-07,288,117.48,26.28,22.37,97.92,2.08,0.0,65.57,1,high,1,1,0,15.6,19.28,77.898,19.5,49.0,194.45,0.9382,0.1335,0.0446,11.6,64.759,2.764,1.28,1.2445,2.022,3707.0,33.924,2.413,21.31,1,38.94
11,2020-04-08,288,121.93,20.38,16.72,97.92,2.08,0.0,41.23,1,high,1,0,0,15.6,19.28,68.184,12.704,49.0,148.75,0.9946,0.1029,0.0554,17.15,63.117,1.978,0.56,0.5685,0.4456,1542.0,33.481,1.628,23.69,1,38.94
11,2020-04-09,280,111.75,18.81,16.83,100.0,0.0,0.0,33.0,1,high,1,0,0,15.6,19.28,70.61,15.676,48.53,141.77,1.0147,0.1549,0.0472,13.09,63.577,2.525,0.99,0.7238,0.5855,1476.0,33.193,2.262,22.15,0,38.94
11,2020-04-11,288,115.64,29.36,25.39,94.44,5.56,0.0,61.2,1,high,1,1,0,15.6,19.28,82.624,14.13,56.0,156.22,0.8454,0.1087,0.0644,24.09,63.63,3.094,1.74,0.7173,0.8992,2966.0,32.04,2.155,22.19,1,38.94
11,2020-04-12,288,113.26,23.94,21.13,99.31,0.69,0.0,46.64,1,high,1,1,0,15.6,19.28,77.96,18.334,49.0,187.07,0.9528,0.1475,0.0527,17.32,63.567,2.939,1.69,1.1986,2.3561,3962.0,33.093,2.697,21.17,1,38.94
11,2020-04-13,288,121.55,19.26,15.84,97.92,2.08,0.0,39.5,1,high,1,0,0,15.6,19.28,67.341,14.36,49.42,168.82,1.0268,0.1064,0.0552,16.1,63.19,1.791,0.47,0.2695,0.1046,646.0,33.615,1.594,24.63,1,38.94
11,2020-04-14,288,127.01,19.75,15.55,100.0,0.0,0.0,35.45,0,low,0,0,0,15.6,19.28,71.913,13.935,50.42,138.75,0.9744,0.138,0.0599,19.85,63.135,2.364,1.05,0.2841,0.146,919.0,33.446,1.615,24.17,0,38.94
11,2020-04-15,288,128.2,23.64,18.44,97.92,2.08,0.0,52.88,1,high,1,0,0,15.6,19.28,71.27,15.395,50.23,171.95,0.9836,0.1094,0.0558,17.0,62.958,1.681,0.42,0.3494,0.2671,1429.0,33.319,2.163,23.25,1,38.94
12,2020-05-04,286,121.56,10.98,9.03,100.0,0.0,0.0,18.17,0,low,0,0,0,15.6,19.28,72.858,19.925,44.97,172.2,1.1218,0.1112,0.0756,20.36,65.217,2.084,0.68,0.4683,0.8281,2824.0,31.116,2.848,20.01,0,38.94
12,2020-05-05,288,107.5,5.65,5.26,100.0,0.0,0.0,9.71,0,low,0,0,0,15.6,19.28,75.955,20.89,43.98,181.62,1.0626,0.1798,0.0791,26.54,65.736,5.054,2.7,1.1644,4.5908,3839.0,32.176,2.587,20.01,0,38.94
12,2020-05-06,288,122.37,32.3,26.39,91.32,8.68,0.0,82.5,1,high,1,1,0,15.6,19.28,70.73,18.3,45.9,161.52,1.0903,0.1251,0.0665,21.7,65.168,2.152,0.71,0.6054,1.192,3176.0,32.477,2.016,20.01,1,38.94
12,2020-05-07,277,129.91,14.85,11.43,100.0,0.0,0.0,32.62,0,low,0,0,0,15.6,19.28,78.467,27.107,46.05,198.65,1.0539,0.1583,0.0633,21.81,64.956,2.196,0.77,0.541,0.9822,2190.0,31.45,4.455,20.01,0,38.94
12,2020-05-08,288,119.11,13.71,11.51,100.0,0.0,0.0,42.4,0,low,0,0,0,15.6,19.28,74.695,19.48,47.73,153.43,1.0214,0.1614,0.0765,24.62,65.583,4.085,2.08,0.7837,2.8483,2381.0,32.812,1.988,20.01,1,38.94
12,2020-05-09,288,121.12,18.2,15.03,100.0,0.0,0.0,41.86,0,low,0,0,0,15.6,19.28,77.546,18.063,48.7,150.0,0.9609,0.1399,0.0654,21.57,65.25,2.436,1.02,0.3497,0.4358,2783.0,31.524,2.403,20.03,1,38.94
12,2020-05-10,265,130.49,19.6,15.02,98.49,1.51,0.0,40.4,0,low,0,0,0,15.6,19.28,72.532,19.404,45.83,164.27,1.0647,0.1225,0.0686,23.44,65.238,2.341,0.98,0.5835,1.0719,1937.0,32.145,2.64,20.01,1,38.94
13,2020-05-29,288,119.93,21.75,18.14,98.61,1.39,0.0,56.54,1,high,1,0,0,15.6,19.28,70.64,16.718,46.97,142.42,1.0251,0.1646,0.0578,21.0,64.198,2.328,0.86,1.3418,2.2814,2477.0,33.419,0.989,23.39,1,38.94
13,2020-05-30,288,129.73,13.3,10.25,100.0,0.0,0.0,25.67,0,low,0,0,0,15.6,19.28,66.949,16.356,42.85,148.65,1.0969,0.0999,0.0516,17.55,63.611,1.663,0.36,0.5205,0.5265,857.0,32.658,1.491,25.13,0,38.94
13,2020-05-31,288,135.53,25.83,19.06,94.79,5.21,0.0,67.44,1,high,1,0,0,15.6,19.28,70.13,19.989,44.25,161.38,1.0558,0.2161,0.0591,25.3,63.836,2.445,1.27,0.7412,1.7853,1375.0,32.606,1.811,22.07,1,38.94
13,2020-06-01,288,123.39,11.64,9.43,100.0,0.0,0.0,29.67,0,low,0,0,0,15.6,19.28,70.4,17.686,46.6,150.97,1.074,0.1576,0.0546,17.96,63.985,1.972,0.59,0.5702,0.9845,2221.0,33.344,1.128,24.29,0,38.94
13,2020-06-02,288,128.64,31.27,24.3,91.32,8.68,0.0,68.12,1,high,1,1,0,15.6,19.28,69.816,16.409,47.32,137.68,1.0158,0.1484,0.0595,20.96,63.693,1.962,0.57,0.957,1.823,1307.0,33.33,1.352,26.35,1,38.94
13,2020-06-03,288,135.27,21.84,16.15,96.88,3.12,0.0,52.92,1,high,1,0,0,15.6,19.28,71.245,18.246,45.13,151.78,1.0408,0.1446,0.0578,18.78,63.77,2.376,0.98,1.1691,2.3731,3135.0,33.437,1.708,22.95,1,38.94
13,2020-06-04,147,128.18,16.83,13.13,96.6,3.4,0.0,49.6,0,low,0,0,0,15.6,19.28,98.84,43.089,46.13,205.63,1.0743,0.2062,0.06,25.02,64.199,1.541,0.24,0.5032,1.3143,1061.0,29.277,4.735,22.39,1,38.94
14,2020-06-06,288,112.1,21.81,19.46,97.57,2.43,0.0,54.7,1,high,1,1,0,15.6,19.28,,,,,0.8476,0.0524,0.0555,14.45,,,,,,,,,,1,38.94
14,2020-06-07,288,109.22,14.81,13.56,100.0,0.0,0.0,28.57,0,low,0,0,0,15.6,19.28,77.253,7.865,48.0,135.07,0.8117,0.0573,0.0509,17.52,64.173,1.888,0.38,1.6318,1.1135,1944.0,33.442,1.398,22.85,0,38.94
14,2020-06-08,288,115.39,19.31,16.73,98.96,1.04,0.0,47.25,1,high,1,0,0,15.6,19.28,78.716,12.644,54.73,162.6,0.8368,0.0844,0.0461,13.93,64.248,2.125,0.72,1.3887,1.7583,3991.0,32.872,2.052,20.97,1,38.94
14,2020-06-09,288,117.35,19.89,16.95,98.61,1.39,0.0,37.08,1,high,1,0,0,15.6,19.28,77.402,10.76,56.65,141.92,0.8469,0.0575,0.0376,8.37,64.441,2.307,0.75,1.29,1.6662,3860.0,33.95,1.623,22.53,0,38.94
14,2020-06-10,288,112.19,22.53,20.08,100.0,0.0,0.0,45.11,1,high,1,1,0,15.6,19.28,77.899,12.291,53.3,143.88,0.8672,0.082,0.0431,12.18,64.786,2.951,1.22,1.1916,1.749,4562.0,33.874,1.861,20.04,1,38.94
14,2020-06-11,288,115.1,18.0,15.64,100.0,0.0,0.0,40.69,1,high,1,0,0,15.6,19.28,77.716,13.062,51.45,168.6,0.8457,0.0545,0.0384,8.46,64.46,2.286,0.79,1.353,2.3832,2740.0,34.061,2.285,21.09,1,38.94
14,2020-06-12,288,132.75,24.15,18.19,95.49,4.51,0.0,59.0,1,high,1,0,0,15.6,19.28,75.676,13.045,52.0,145.58,0.9083,0.0973,0.0483,13.84,64.406,2.433,0.88,0.706,0.6003,3295.0,33.825,1.648,21.63,1,38.94
15,2020-07-22,288,110.0,13.19,11.99,100.0,0.0,0.0,22.73,0,low,0,0,0,15.6,19.28,77.179,6.973,53.0,161.2,0.7916,0.0521,0.0363,8.54,64.373,1.317,0.1,1.9964,1.8461,925.0,34.304,0.628,23.75,0,38.94
15,2020-07-24,288,107.89,16.26,15.07,100.0,0.0,0.0,39.33,0,low,0,0,0,15.6,19.28,112.502,27.765,50.33,209.2,0.564,0.1058,0.0581,20.65,63.95,1.609,0.34,3.118,5.7419,6344.0,29.191,5.143,20.01,1,38.94
16,2020-07-16,160,111.93,18.58,16.6,100.0,0.0,0.0,34.27,1,high,1,0,0,15.6,19.28,88.219,12.48,55.28,135.03,0.7009,0.0969,0.0649,28.12,63.269,1.574,0.34,1.4089,1.4438,2926.0,31.224,2.225,23.71,0,38.94
16,2020-07-17,288,103.84,12.6,12.13,100.0,0.0,0.0,28.7,0,low,0,0,0,15.6,19.28,79.797,12.413,59.05,191.17,0.7988,0.0832,0.0554,17.97,63.422,1.415,0.26,1.3309,2.4233,2002.0,30.613,3.627,20.12,0,38.94
16,2020-07-18,284,105.29,19.73,18.74,100.0,0.0,0.0,41.9,1,high,1,0,0,15.6,19.28,85.967,11.965,53.17,133.75,0.7395,0.0932,0.0489,14.66,63.371,1.515,0.29,0.9377,0.9663,2391.0,32.001,2.559,23.15,1,38.94
16,2020-07-19,288,103.35,13.96,13.51,100.0,0.0,0.0,28.81,0,low,0,0,0,15.6,19.28,82.236,14.306,54.9,161.17,0.8043,0.0868,0.0482,13.37,63.459,1.554,0.31,0.7358,0.8893,1773.0,32.719,2.297,20.01,0,38.94
16,2020-07-20,276,100.16,16.85,16.82,100.0,0.0,0.0,28.32,1,high,1,0,0,15.6,19.28,84.052,9.315,55.98,134.52,0.7346,0.0825,0.0676,28.51,63.242,1.713,0.48,0.2797,0.1421,1322.0,30.315,1.88,20.39,0,38.94
16,2020-07-21,281,100.56,17.63,17.53,97.86,0.0,2.14,44.0,1,high,1,0,0,15.6,19.28,79.917,11.138,56.83,163.32,0.7762,0.0799,0.0608,21.3,63.533,1.491,0.22,0.7445,1.0526,2075.0,31.957,2.546,21.13,1,38.94
16,2020-07-22,288,105.78,15.52,14.67,100.0,0.0,0.0,33.9,0,low,0,0,0,15.6,19.28,81.449,10.482,53.92,161.22,0.7755,0.0753,0.0557,17.57,63.641,1.506,0.27,0.6159,1.1176,2409.0,32.26,2.299,20.87,0,38.94
16,2020-07-23,288,114.43,16.62,14.52,100.0,0.0,0.0,43.13,0,low,0,0,0,15.6,19.28,81.321,9.998,54.13,140.83,0.7663,0.0786,0.0619,22.38,63.216,1.606,0.36,0.268,0.37,2095.0,31.337,2.171,27.37,1,38.94
