participant,date,hr_mean,hr_std,hr_min,hr_max,ibi_mean,ibi_sdnn,ibi_rmssd,ibi_pnn50,acc_mean_mag,acc_std_mag,acc_active_pct,eda_mean,eda_std,eda_n_peaks,temp_mean,temp_std,temp_min
001,2020-02-13,74.908,12.255,55.75,137.87,0.9107,0.116,0.0884,46.89,64.139,1.547,0.18,1.0668,2.0934,851.0,33.763,1.461,24.89
001,2020-02-14,74.462,13.634,50.25,155.17,0.9169,0.1278,0.067,31.82,64.139,1.526,0.23,1.6744,3.4043,3313.0,33.849,2.156,28.81
001,2020-02-15,72.527,17.043,47.63,143.1,1.0023,0.1307,0.0718,41.48,64.455,1.817,0.56,1.4211,1.7827,1601.0,33.416,2.539,22.87
001,2020-02-16,76.077,20.933,51.13,181.05,0.9925,0.1356,0.095,44.74,63.897,1.557,0.28,0.2066,0.3778,1148.0,32.979,2.221,27.57
001,2020-02-17,77.859,18.161,46.93,187.12,0.9712,0.1439,0.0745,39.87,63.8,1.744,0.45,0.4483,0.8069,3809.0,32.86,2.34,21.95
001,2020-02-18,71.01,14.81,49.1,144.62,0.9819,0.1347,0.0764,38.71,63.756,1.497,0.2,0.7157,1.5498,2199.0,32.536,3.21,25.01
001,2020-02-19,68.283,13.132,50.75,146.1,0.9735,0.1012,0.0645,29.93,63.916,1.204,0.09,0.623,1.1125,1258.0,34.983,1.438,28.75
001,2020-02-20,73.202,16.49,50.95,154.37,0.9782,0.122,0.0722,36.88,64.112,1.725,0.49,1.3804,2.1699,3082.0,33.211,2.654,28.27
001,2020-02-21,76.999,15.497,52.67,176.82,0.906,0.1101,0.0752,38.33,64.266,2.314,1.22,0.6538,0.9525,1912.0,33.378,2.069,28.95
001,2020-02-22,69.613,17.091,50.12,147.02,1.0184,0.121,0.0821,41.52,64.028,1.615,0.35,0.8777,1.5698,1688.0,32.009,3.555,23.97
002,2020-02-21,83.731,7.73,54.8,125.28,0.738,0.073,0.0515,20.15,64.753,1.444,0.23,0.3325,0.3121,319.0,34.126,0.593,26.31
002,2020-02-22,88.884,18.007,54.57,185.73,0.7501,0.1457,0.053,21.07,64.868,2.138,0.63,1.9948,2.2906,4469.0,34.007,1.853,22.07
002,2020-02-23,78.254,12.633,51.82,136.27,0.8135,0.1343,0.0683,33.82,64.655,1.622,0.24,0.6043,0.769,1232.0,34.427,0.685,26.07
002,2020-02-24,80.419,13.329,53.5,130.53,0.8115,0.1334,0.0547,23.0,64.92,1.921,0.4,1.0668,1.216,2300.0,34.14,1.089,26.09
002,2020-02-25,91.71,22.882,59.5,190.1,0.7768,0.1326,0.0476,18.85,65.219,1.903,0.41,2.1766,1.8287,4382.0,34.241,0.894,30.61
002,2020-02-26,74.784,12.782,51.52,115.97,0.8524,0.1493,0.0532,21.29,64.448,1.508,0.2,0.9825,0.6575,872.0,34.219,0.693,24.91
002,2020-02-27,81.167,9.483,56.6,128.22,0.7605,0.1012,0.052,21.75,65.037,1.67,0.32,0.504,0.5024,831.0,34.468,0.671,26.17
002,2020-02-28,89.367,20.464,55.67,142.33,0.7508,0.1666,0.0508,19.83,64.961,2.594,1.23,2.6057,4.1208,3416.0,34.549,0.853,25.79
002,2020-02-29,,,,,0.7114,0.0639,0.0447,13.93,,,,,,,,,
003,2020-02-22,,,,,0.6867,0.0611,0.0505,18.24,,,,,,,,,
003,2020-02-23,82.691,11.735,54.23,161.25,0.782,0.0777,0.0434,11.43,65.917,3.31,1.87,0.97,1.9103,4317.0,33.788,1.71,20.53
003,2020-02-24,80.838,17.157,52.2,154.67,0.8487,0.1429,0.0476,16.45,64.588,2.676,1.55,0.9152,1.8274,2121.0,34.411,1.711,25.69
003,2020-02-26,83.148,21.313,48.13,177.52,0.9023,0.1756,0.0746,35.71,65.22,2.88,1.61,0.566,1.6463,1831.0,32.86,2.965,22.13
003,2020-02-27,87.928,15.066,55.42,157.93,0.7334,0.1093,0.076,33.98,66.693,3.668,2.56,1.7209,3.6669,4552.0,32.488,2.296,21.53
003,2020-02-28,77.351,19.023,52.57,179.5,0.926,0.1123,0.0615,26.84,65.343,2.899,1.76,1.4984,3.5856,1403.0,32.639,3.814,20.73
003,2020-02-29,86.444,14.082,58.65,149.0,0.7425,0.1009,0.0588,22.75,66.64,3.36,2.52,1.431,2.5149,2694.0,34.057,1.272,30.35
003,2020-03-01,67.661,12.111,50.87,145.78,0.9634,0.102,0.0677,31.89,64.644,1.787,0.38,0.4763,1.3883,405.0,32.203,2.406,23.45
004,2020-02-27,,,,,0.7747,0.0691,0.0464,17.71,,,,,,,,,
004,2020-02-28,,,,,0.8063,0.0808,0.0486,20.92,,,,,,,,,
004,2020-02-29,,,,,0.8692,0.097,0.076,35.93,,,,,,,,,
004,2020-03-01,80.996,17.927,52.63,201.1,0.8594,0.1134,0.0709,33.2,65.637,5.209,3.5,0.6073,1.0561,1610.0,34.291,1.196,25.47
004,2020-03-02,80.096,17.007,55.23,201.57,0.8866,0.1001,0.076,36.96,66.113,7.287,3.95,0.5487,1.0486,1341.0,34.189,1.032,25.73
004,2020-03-03,79.116,14.697,54.52,166.85,0.8637,0.1131,0.0702,34.2,65.073,2.469,1.03,0.3465,0.4489,1099.0,34.324,0.963,24.35
004,2020-03-04,79.333,12.873,56.05,160.93,0.8214,0.088,0.0588,24.56,64.469,1.885,0.62,0.2544,0.3406,960.0,34.634,1.177,24.81
004,2020-03-05,73.368,13.729,51.0,159.32,0.8947,0.1031,0.0624,27.5,64.529,2.709,1.3,0.5827,1.6092,512.0,34.906,0.805,24.93
004,2020-03-06,85.598,17.004,60.38,183.4,0.7521,0.1017,0.0606,26.48,64.559,1.995,0.79,0.7408,1.4621,617.0,33.51,3.112,23.27
005,2020-02-27,84.909,13.147,54.5,156.42,0.79,0.0984,0.0576,25.43,64.156,3.119,1.72,4.0204,4.9522,3018.0,33.677,1.493,22.35
005,2020-02-28,80.217,12.362,57.1,163.23,0.8333,0.0882,0.0516,19.25,64.373,2.916,1.65,1.3534,2.7995,4112.0,33.649,0.903,30.21
005,2020-02-29,80.284,12.109,58.0,146.55,0.8418,0.0908,0.0497,19.42,64.151,3.209,2.08,1.2952,1.5779,4985.0,33.549,1.216,21.31
005,2020-03-01,82.907,14.625,57.97,164.08,0.8379,0.1051,0.0579,23.68,64.41,3.268,2.18,2.9565,4.9617,5437.0,33.339,1.081,24.91
005,2020-03-02,78.737,13.344,56.07,159.93,0.89,0.1032,0.0548,23.4,64.266,3.465,2.6,1.5535,2.1469,4831.0,33.251,1.392,21.93
005,2020-03-03,74.943,15.119,48.0,150.32,0.9524,0.1246,0.0696,32.69,64.172,2.962,1.85,1.0085,1.0362,3691.0,33.679,0.92,25.59
005,2020-03-04,72.044,14.419,49.78,136.18,0.9587,0.119,0.082,40.95,64.124,2.555,1.2,1.358,1.5185,3906.0,33.286,0.954,26.23
005,2020-03-05,74.345,15.874,47.82,152.23,0.9561,0.1525,0.0893,42.92,64.267,2.926,1.71,4.1165,6.0118,4532.0,33.43,0.997,25.59
005,2020-03-06,76.987,13.013,52.32,159.75,0.8924,0.0972,0.0625,30.49,63.993,3.041,1.88,1.7787,2.6816,4093.0,33.092,0.858,26.81
005,2020-03-07,79.743,23.973,48.92,176.4,0.9632,0.1352,0.0669,32.81,64.116,2.322,1.01,0.6546,1.0175,1455.0,30.942,4.114,22.57
006,2020-02-28,82.668,15.726,49.9,177.17,0.7929,0.1048,0.0934,39.26,63.358,1.105,0.06,0.4197,0.9557,1441.0,33.208,1.763,26.43
006,2020-02-29,82.511,18.58,51.88,175.28,0.787,0.112,0.0724,28.35,63.85,2.295,0.61,1.227,4.0862,2173.0,34.001,1.23,24.31
006,2020-03-01,77.403,13.246,44.5,170.85,0.8112,0.0772,0.0613,23.68,63.696,1.105,0.03,0.4878,1.0122,2268.0,33.599,1.102,26.57
006,2020-03-02,83.919,18.565,49.88,174.77,0.7883,0.1175,0.0764,31.42,64.069,2.933,0.95,2.4097,5.7601,2869.0,34.142,1.022,30.09
006,2020-03-03,82.321,17.83,52.02,162.45,0.7905,0.1182,0.08,32.03,63.898,2.746,0.66,0.5156,2.3281,1089.0,32.506,1.642,24.57
006,2020-03-04,80.085,18.288,40.98,202.25,0.839,0.0871,0.0773,30.79,63.818,1.202,0.04,0.1999,0.7444,1337.0,32.66,1.353,27.69
006,2020-03-05,83.353,20.71,47.65,185.12,0.82,0.106,0.0684,25.31,63.783,2.776,0.91,0.5947,1.5944,1999.0,33.77,1.708,25.29
006,2020-03-08,73.175,18.231,43.68,148.23,0.8917,0.1038,0.078,31.16,63.745,0.86,0.05,0.8585,2.5347,446.0,33.127,0.979,26.53
006,2020-03-09,,,,,0.8149,0.0894,0.1065,43.98,,,,,,,,,
007,2020-03-14,76.897,11.216,57.57,128.23,0.8616,0.0896,0.0623,24.24,64.254,2.354,0.83,1.7644,3.9187,1357.0,31.883,1.813,26.83
007,2020-03-15,75.548,13.099,54.68,164.42,0.8804,0.1089,0.0461,12.56,64.294,2.18,0.84,3.7355,3.3492,3821.0,32.495,2.856,24.63
007,2020-03-16,76.577,21.744,53.92,200.28,0.9007,0.0998,0.0479,17.04,64.311,1.931,0.53,1.858,3.0025,2565.0,32.822,3.28,22.13
007,2020-03-17,70.265,11.187,51.68,161.7,0.9328,0.1126,0.0522,20.92,64.482,1.836,0.35,1.0839,2.2096,1973.0,33.474,1.705,25.77
007,2020-03-18,70.687,10.878,52.03,146.15,0.9153,0.097,0.0502,18.96,64.273,2.156,0.77,1.1312,1.6464,1924.0,33.34,1.615,24.95
007,2020-03-19,70.199,11.211,52.35,124.57,0.9296,0.1086,0.0545,21.73,64.401,2.004,0.63,2.5248,2.783,3535.0,33.407,1.988,23.61
007,2020-03-20,80.972,22.415,50.7,199.42,0.8728,0.1373,0.0584,21.41,64.162,2.465,1.09,1.959,2.3751,3298.0,32.678,3.243,22.45
007,2020-03-21,73.078,14.237,47.6,181.6,0.9044,0.1121,0.0485,17.82,64.459,2.168,0.98,1.3998,2.8496,3094.0,33.14,1.603,25.19
007,2020-03-22,66.896,10.96,50.25,117.3,0.9503,0.1299,0.0629,27.93,64.439,1.585,0.21,0.9144,1.4672,705.0,33.16,2.16,28.79
008,2020-03-14,78.726,8.58,55.0,134.63,0.8014,0.0552,0.0621,22.1,64.068,2.009,0.7,0.7714,1.7306,1017.0,33.281,1.363,29.81
008,2020-03-15,71.819,13.456,53.38,158.25,0.9258,0.0885,0.0576,23.18,63.968,1.728,0.56,0.2099,0.2398,800.0,33.069,2.049,23.97
008,2020-03-16,76.362,16.832,52.62,160.42,0.9389,0.1221,0.0605,25.34,64.067,1.82,0.4,0.7637,1.7943,2388.0,32.205,2.235,20.01
008,2020-03-17,78.046,16.28,51.42,186.67,0.9,0.1032,0.0615,20.8,63.626,1.464,0.21,0.2907,0.4208,1128.0,32.431,2.186,24.39
008,2020-03-18,73.502,11.577,54.82,146.53,0.886,0.0794,0.0641,25.46,63.78,1.575,0.41,0.2549,0.3587,884.0,33.832,1.403,24.93
008,2020-03-19,84.484,17.461,56.07,154.4,0.8538,0.1408,0.0565,20.8,63.931,2.344,1.04,0.5252,0.6094,4464.0,33.945,1.743,23.03
008,2020-03-20,78.759,15.212,53.72,162.05,0.8598,0.1007,0.0578,20.2,64.107,1.86,0.6,0.5421,1.2386,1695.0,32.665,1.868,21.99
008,2020-03-21,81.228,13.005,51.0,134.8,0.8317,0.1114,0.0641,25.49,63.754,1.99,0.58,0.2854,0.3167,1405.0,33.294,1.954,26.05
008,2020-03-22,76.097,15.582,48.0,171.87,0.9071,0.1033,0.0779,27.7,63.824,1.597,0.21,0.3195,0.3873,943.0,33.291,1.759,23.75
008,2020-03-23,68.366,7.338,56.87,122.95,0.9083,0.0877,0.0516,16.97,64.27,1.044,0.04,0.3155,0.6706,282.0,33.141,2.427,21.23
009,2020-03-21,80.923,13.589,53.73,163.1,0.8665,0.0822,0.0575,15.44,66.085,2.23,0.68,0.2885,0.3116,2529.0,33.009,1.675,23.91
009,2020-03-22,79.119,15.552,53.12,201.05,0.9041,0.0887,0.0494,11.88,66.004,3.622,1.64,0.8424,3.1136,2199.0,33.118,1.899,21.85
009,2020-03-23,76.572,15.784,49.0,151.4,0.9531,0.0589,0.0461,12.13,65.736,1.956,0.49,0.37,0.1982,2097.0,33.267,1.198,23.51
009,2020-03-24,75.465,13.352,56.43,148.07,0.919,0.0714,0.0434,9.73,65.769,2.279,0.76,0.4613,0.2973,1763.0,33.994,1.432,22.95
009,2020-03-25,77.904,20.458,56.15,168.1,0.9265,0.0869,0.0352,6.46,66.132,3.149,2.42,4.5587,11.9324,2227.0,34.678,0.971,31.69
009,2020-03-26,79.948,12.755,60.08,136.55,0.8475,0.0749,0.0458,15.04,66.14,3.04,1.36,1.9136,2.6756,2380.0,34.001,1.843,23.01
009,2020-03-27,74.022,15.913,48.0,196.08,0.953,0.0613,0.034,5.44,65.652,1.999,0.5,0.6325,0.609,1028.0,33.988,1.563,24.73
009,2020-03-28,77.663,16.118,55.18,150.87,0.9573,0.0659,0.0401,6.53,65.748,2.3,0.7,0.2933,0.2235,2663.0,33.026,2.087,22.73
009,2020-03-29,70.809,14.54,55.38,172.95,0.965,0.078,0.0369,6.22,65.617,2.869,1.25,1.9346,4.0806,1267.0,33.051,2.684,26.45
010,2020-03-22,77.848,17.745,52.55,179.55,0.9678,0.083,0.0557,17.52,64.531,2.862,1.52,1.3497,2.2446,2818.0,32.941,2.487,21.45
010,2020-03-23,74.925,21.08,50.62,177.82,1.0039,0.0988,0.0563,19.6,64.129,2.144,0.77,1.0276,1.7111,3966.0,33.328,2.373,21.09
010,2020-03-24,69.486,17.447,52.68,193.35,0.9994,0.0884,0.0531,21.14,63.833,2.21,0.68,1.3261,2.6365,3126.0,34.022,2.568,20.45
010,2020-03-25,70.498,16.811,49.45,180.85,1.0263,0.109,0.0568,21.31,63.901,2.609,1.3,2.7055,4.2182,4901.0,34.022,1.346,24.41
010,2020-03-26,74.205,21.157,50.07,197.43,1.0184,0.1077,0.0602,26.7,64.389,3.085,1.42,2.6684,3.9224,4685.0,33.672,2.18,23.79
010,2020-03-27,72.895,18.715,48.0,153.73,1.0526,0.0818,0.0638,24.73,63.974,2.098,0.69,1.5338,2.3709,4246.0,33.275,2.056,24.03
010,2020-03-28,78.067,22.932,50.03,203.77,1.0274,0.1093,0.0606,28.32,64.56,3.799,1.5,1.9756,3.9205,4428.0,33.091,2.234,24.31
010,2020-03-29,75.626,21.03,51.78,189.85,1.0058,0.0878,0.0555,20.48,64.412,2.12,0.75,1.9821,3.7975,4262.0,33.535,2.0,24.45
010,2020-03-30,69.292,25.207,47.75,203.85,1.1136,0.0691,0.0548,20.92,64.019,1.805,0.44,1.0662,1.8681,629.0,31.997,3.89,20.65
011,2020-04-06,87.297,15.886,56.5,142.72,0.8253,0.1667,0.0489,15.07,65.902,3.628,2.29,5.126,5.8118,4401.0,33.968,1.929,21.43
011,2020-04-07,77.898,19.5,49.0,194.45,0.9382,0.1335,0.0446,11.6,64.759,2.764,1.28,1.2445,2.022,3707.0,33.924,2.413,21.31
011,2020-04-08,68.184,12.704,49.0,148.75,0.9946,0.1029,0.0554,17.15,63.117,1.978,0.56,0.5685,0.4456,1542.0,33.481,1.628,23.69
011,2020-04-09,70.61,15.676,48.53,141.77,1.0147,0.1549,0.0472,13.09,63.577,2.525,0.99,0.7238,0.5855,1476.0,33.193,2.262,22.15
011,2020-04-11,82.624,14.13,56.0,156.22,0.8454,0.1087,0.0644,24.09,63.63,3.094,1.74,0.7173,0.8992,2966.0,32.04,2.155,22.19
011,2020-04-12,77.96,18.334,49.0,187.07,0.9528,0.1475,0.0527,17.32,63.567,2.939,1.69,1.1986,2.3561,3962.0,33.093,2.697,21.17
011,2020-04-13,67.341,14.36,49.42,168.82,1.0268,0.1064,0.0552,16.1,63.19,1.791,0.47,0.2695,0.1046,646.0,33.615,1.594,24.63
011,2020-04-14,71.913,13.935,50.42,138.75,0.9744,0.138,0.0599,19.85,63.135,2.364,1.05,0.2841,0.146,919.0,33.446,1.615,24.17
011,2020-04-15,71.27,15.395,50.23,171.95,0.9836,0.1094,0.0558,17.0,62.958,1.681,0.42,0.3494,0.2671,1429.0,33.319,2.163,23.25
011,2020-04-16,,,,,0.9135,0.0915,0.0773,31.71,,,,,,,,,
012,2020-05-03,76.894,19.959,47.72,156.33,1.1135,0.1279,0.0872,31.52,65.512,1.979,0.63,0.2369,0.1809,741.0,31.676,1.496,22.33
012,2020-05-04,72.858,19.925,44.97,172.2,1.1218,0.1112,0.0756,20.36,65.217,2.084,0.68,0.4683,0.8281,2824.0,31.116,2.848,20.01
012,2020-05-05,75.955,20.89,43.98,181.62,1.0626,0.1798,0.0791,26.54,65.736,5.054,2.7,1.1644,4.5908,3839.0,32.176,2.587,20.01
012,2020-05-06,70.73,18.3,45.9,161.52,1.0903,0.1251,0.0665,21.7,65.168,2.152,0.71,0.6054,1.192,3176.0,32.477,2.016,20.01
012,2020-05-07,78.467,27.107,46.05,198.65,1.0539,0.1583,0.0633,21.81,64.956,2.196,0.77,0.541,0.9822,2190.0,31.45,4.455,20.01
012,2020-05-08,74.695,19.48,47.73,153.43,1.0214,0.1614,0.0765,24.62,65.583,4.085,2.08,0.7837,2.8483,2381.0,32.812,1.988,20.01
012,2020-05-09,77.546,18.063,48.7,150.0,0.9609,0.1399,0.0654,21.57,65.25,2.436,1.02,0.3497,0.4358,2783.0,31.524,2.403,20.03
012,2020-05-10,72.532,19.404,45.83,164.27,1.0647,0.1225,0.0686,23.44,65.238,2.341,0.98,0.5835,1.0719,1937.0,32.145,2.64,20.01
012,2020-05-11,69.029,16.037,49.52,143.9,0.9876,0.1127,0.0719,29.37,64.616,2.115,0.66,0.5063,0.849,760.0,33.141,2.385,20.01
013,2020-05-28,79.351,14.56,57.98,145.42,0.8743,0.0892,0.0681,26.67,64.4,2.126,0.69,2.3006,2.6318,1781.0,32.875,0.832,25.41
013,2020-05-29,70.64,16.718,46.97,142.42,1.0251,0.1646,0.0578,21.0,64.198,2.328,0.86,1.3418,2.2814,2477.0,33.419,0.989,23.39
013,2020-05-30,66.949,16.356,42.85,148.65,1.0969,0.0999,0.0516,17.55,63.611,1.663,0.36,0.5205,0.5265,857.0,32.658,1.491,25.13
013,2020-05-31,70.13,19.989,44.25,161.38,1.0558,0.2161,0.0591,25.3,63.836,2.445,1.27,0.7412,1.7853,1375.0,32.606,1.811,22.07
013,2020-06-01,70.4,17.686,46.6,150.97,1.074,0.1576,0.0546,17.96,63.985,1.972,0.59,0.5702,0.9845,2221.0,33.344,1.128,24.29
013,2020-06-02,69.816,16.409,47.32,137.68,1.0158,0.1484,0.0595,20.96,63.693,1.962,0.57,0.957,1.823,1307.0,33.33,1.352,26.35
013,2020-06-03,71.245,18.246,45.13,151.78,1.0408,0.1446,0.0578,18.78,63.77,2.376,0.98,1.1691,2.3731,3135.0,33.437,1.708,22.95
013,2020-06-04,98.84,43.089,46.13,205.63,1.0743,0.2062,0.06,25.02,64.199,1.541,0.24,0.5032,1.3143,1061.0,29.277,4.735,22.39
013,2020-06-05,142.175,26.43,88.2,208.42,0.4438,0.0839,0.1067,57.92,64.569,0.615,0.01,0.0282,0.0012,0.0,24.048,0.502,21.27
014,2020-06-06,,,,,0.8476,0.0524,0.0555,14.45,,,,,,,,,
014,2020-06-07,77.253,7.865,48.0,135.07,0.8117,0.0573,0.0509,17.52,64.173,1.888,0.38,1.6318,1.1135,1944.0,33.442,1.398,22.85
014,2020-06-08,78.716,12.644,54.73,162.6,0.8368,0.0844,0.0461,13.93,64.248,2.125,0.72,1.3887,1.7583,3991.0,32.872,2.052,20.97
014,2020-06-09,77.402,10.76,56.65,141.92,0.8469,0.0575,0.0376,8.37,64.441,2.307,0.75,1.29,1.6662,3860.0,33.95,1.623,22.53
014,2020-06-10,77.899,12.291,53.3,143.88,0.8672,0.082,0.0431,12.18,64.786,2.951,1.22,1.1916,1.749,4562.0,33.874,1.861,20.04
014,2020-06-11,77.716,13.062,51.45,168.6,0.8457,0.0545,0.0384,8.46,64.46,2.286,0.79,1.353,2.3832,2740.0,34.061,2.285,21.09
014,2020-06-12,75.676,13.045,52.0,145.58,0.9083,0.0973,0.0483,13.84,64.406,2.433,0.88,0.706,0.6003,3295.0,33.825,1.648,21.63
014,2020-06-13,74.423,15.354,56.0,153.2,0.9059,0.0672,0.0451,14.32,64.619,2.596,1.23,0.4517,0.364,991.0,33.08,2.771,21.35
015,2020-07-05,88.681,8.621,53.97,122.02,0.6571,0.0473,0.0509,16.53,65.094,1.816,0.52,2.2185,3.8064,1882.0,34.818,1.027,25.37
015,2020-07-06,83.661,10.739,57.52,159.63,0.7547,0.0909,0.0373,8.87,64.65,1.808,0.43,1.6996,2.8535,2995.0,33.422,1.891,20.01
015,2020-07-07,81.34,11.506,64.97,137.13,0.7814,0.0887,0.0303,4.3,64.035,1.597,0.26,1.2385,0.5818,658.0,34.179,1.119,30.89
015,2020-07-19,95.104,12.253,57.92,156.12,0.6477,0.0621,0.0437,11.77,65.19,2.585,1.03,3.3947,6.2201,1932.0,33.384,2.753,22.19
015,2020-07-20,81.894,6.89,55.67,130.2,0.7402,0.0561,0.0294,4.86,63.773,1.51,0.17,0.5674,0.171,158.0,34.051,1.452,21.83
015,2020-07-22,77.179,6.973,53.0,161.2,0.7916,0.0521,0.0363,8.54,64.373,1.317,0.1,1.9964,1.8461,925.0,34.304,0.628,23.75
015,2020-07-24,112.502,27.765,50.33,209.2,0.564,0.1058,0.0581,20.65,63.95,1.609,0.34,3.118,5.7419,6344.0,29.191,5.143,20.01
015,2020-07-25,109.198,25.798,65.07,208.4,0.6443,0.0583,0.0274,3.49,63.697,0.889,0.05,6.5719,11.0018,1766.0,30.127,5.808,22.77
016,2020-07-16,88.219,12.48,55.28,135.03,0.7009,0.0969,0.0649,28.12,63.269,1.574,0.34,1.4089,1.4438,2926.0,31.224,2.225,23.71
016,2020-07-17,79.797,12.413,59.05,191.17,0.7988,0.0832,0.0554,17.97,63.422,1.415,0.26,1.3309,2.4233,2002.0,30.613,3.627,20.12
016,2020-07-18,85.967,11.965,53.17,133.75,0.7395,0.0932,0.0489,14.66,63.371,1.515,0.29,0.9377,0.9663,2391.0,32.001,2.559,23.15
016,2020-07-19,82.236,14.306,54.9,161.17,0.8043,0.0868,0.0482,13.37,63.459,1.554,0.31,0.7358,0.8893,1773.0,32.719,2.297,20.01
016,2020-07-20,84.052,9.315,55.98,134.52,0.7346,0.0825,0.0676,28.51,63.242,1.713,0.48,0.2797,0.1421,1322.0,30.315,1.88,20.39
016,2020-07-21,79.917,11.138,56.83,163.32,0.7762,0.0799,0.0608,21.3,63.533,1.491,0.22,0.7445,1.0526,2075.0,31.957,2.546,21.13
016,2020-07-22,81.449,10.482,53.92,161.22,0.7755,0.0753,0.0557,17.57,63.641,1.506,0.27,0.6159,1.1176,2409.0,32.26,2.299,20.87
016,2020-07-23,81.321,9.998,54.13,140.83,0.7663,0.0786,0.0619,22.38,63.216,1.606,0.36,0.268,0.37,2095.0,31.337,2.171,27.37
