participant,fold,y_true,y_prob,y_pred
001,1,0,0.22449025988578797,0
001,1,0,0.2220540937781334,0
001,1,0,0.45741902351379393,0
001,1,1,0.6702521026134491,1
001,1,0,0.5709110593795776,1
001,1,0,0.6756042909622193,1
001,1,0,0.213900234028697,0
001,1,0,0.5494685864448547,1
001,1,0,0.36503007292747497,0
002,2,0,0.23715366929769516,0
002,2,1,0.6208731210231782,1
002,2,0,0.1839121240377426,0
002,2,0,0.1875615716725588,0
002,2,0,0.20501374915242196,0
002,2,0,0.18487373281270267,0
002,2,1,0.46934821546077726,0
003,3,1,0.8128781712055206,1
003,3,1,0.8369125461578368,1
003,3,1,0.4951598060131073,0
003,3,0,0.4433771026134491,0
003,3,0,0.6154432499408722,1
003,3,0,0.24961050003767013,0
004,4,1,0.13650812186300754,0
004,4,0,0.14223398245871066,0
004,4,1,0.1460704093426466,0
004,4,0,0.25103540867567065,0
004,4,0,0.581071228981018,1
005,5,0,0.6545354187488556,1
005,5,0,0.6623810195922852,1
005,5,0,0.44204912185668943,0
005,5,0,0.2870015743374824,0
005,5,0,0.28768633276224137,0
005,5,0,0.29295384913682937,0
005,5,0,0.26496778458356857,0
005,5,1,0.4011825931072235,0
006,6,1,0.5095602822303772,1
006,6,1,0.2318529134988785,0
006,6,1,0.3251471155881882,0
006,6,1,0.26025376975536346,0
006,6,1,0.17177867472171782,0
006,6,1,0.6414524054527282,1
006,6,1,0.16839070588350297,0
007,7,0,0.9547879958152772,1
007,7,1,0.4989218819141388,0
007,7,0,0.07850015540607273,0
007,7,1,0.5055001109838486,1
007,7,1,0.14176147885620594,0
007,7,0,0.6355525934696198,1
007,7,1,0.4343062323331833,0
008,8,1,0.34689582645893097,0
008,8,0,0.1166526697576046,0
008,8,1,0.5537861931324005,1
008,8,0,0.5241406905651093,1
008,8,0,0.6485813069343567,1
008,8,0,0.44107934296131135,0
008,8,0,0.7492599844932556,1
008,8,0,0.5078056049346924,1
009,9,1,0.672831130027771,1
009,9,1,0.7936745500564575,1
009,9,0,0.7801040816307068,1
009,9,1,0.6181579315662384,1
009,9,0,0.6830897867679596,1
009,9,1,0.7553047811985016,1
009,9,0,0.7892443358898162,1
009,9,1,0.7246122825145722,1
010,10,0,0.4045240306854248,0
010,10,1,0.2865652959048748,0
010,10,0,0.8623037683963776,1
010,10,1,0.7512446022033692,1
010,10,1,0.1537504893541336,0
010,10,1,0.25980644643306733,0
010,10,0,0.1958714884519577,0
010,10,1,0.32773160517215727,0
011,11,1,0.3647680991888046,0
011,11,1,0.4960624849796295,0
011,11,1,0.34801800310611725,0
011,11,1,0.813048015832901,1
011,11,1,0.219896529763937,0
011,11,1,0.6227720320224762,1
011,11,1,0.3584509634971619,0
011,11,0,0.5007967633008956,1
011,11,1,0.139793751090765,0
012,12,0,0.849851086139679,1
012,12,0,0.7008440315723419,1
012,12,1,0.8677276515960693,1
012,12,0,0.7850970697402955,1
012,12,0,0.6271072602272034,1
012,12,0,0.7825229477882385,1
012,12,0,0.8556727313995361,1
013,13,1,0.3623589539527893,0
013,13,0,0.6965447342395783,1
013,13,1,0.6103849411010742,1
013,13,0,0.5944994163513184,1
013,13,1,0.5591628515720367,1
013,13,1,0.6976777458190918,1
013,13,0,0.31979819476604465,0
014,14,0,0.10376872777938843,0
014,14,1,0.5002222800254822,1
014,14,1,0.6408293187618256,1
014,14,1,0.8189739882946014,1
014,14,1,0.6818134212493896,1
014,14,1,0.8177966332435608,1
015,15,0,0.3189575505256653,0
015,15,0,0.4334334290027618,0
016,16,1,0.21808749556541443,0
016,16,0,0.5345648574829102,1
016,16,1,0.504603019952774,1
016,16,0,0.5132146525382996,1
016,16,1,0.42021887421607973,0
016,16,1,0.4654232776165008,0
016,16,0,0.4701281952857971,0
016,16,0,0.2817015439271927,0
