subset,n_features,model,n,n_high,n_low,auroc_fold_mean,auroc_fold_std,auroc_fold_se,auroc_fold_ci_lo,auroc_fold_ci_hi,auroc_folds_eval,auroc_pooled,auroc_ci_lo,auroc_ci_hi,bal_acc_fold_mean,bal_acc_fold_std,bal_acc_pooled,f1_fold_mean,f1_fold_std,f1_pooled,sens_fold_mean,sens_fold_std,sens_pooled,spec_fold_mean,spec_fold_std,spec_pooled
hr,4,dummy_stratified,112,54,58,0.443,0.198,0.053,0.34,0.547,14,0.473,0.405,0.54,0.446,0.186,0.473,0.424,0.153,0.473,0.393,0.226,0.463,0.496,0.227,0.483
ibi,4,dummy_stratified,117,57,60,0.421,0.216,0.058,0.308,0.534,14,0.47,0.395,0.549,0.427,0.203,0.47,0.417,0.182,0.47,0.392,0.237,0.456,0.456,0.251,0.483
acc,3,dummy_stratified,112,54,58,0.443,0.198,0.053,0.34,0.547,14,0.473,0.405,0.54,0.446,0.186,0.473,0.424,0.153,0.473,0.393,0.226,0.463,0.496,0.227,0.483
eda,3,dummy_stratified,112,54,58,0.443,0.198,0.053,0.34,0.547,14,0.473,0.405,0.54,0.446,0.186,0.473,0.424,0.153,0.473,0.393,0.226,0.463,0.496,0.227,0.483
temp,3,dummy_stratified,112,54,58,0.443,0.198,0.053,0.34,0.547,14,0.473,0.405,0.54,0.446,0.186,0.473,0.424,0.153,0.473,0.393,0.226,0.463,0.496,0.227,0.483
hr_ibi,8,dummy_stratified,112,54,58,0.443,0.198,0.053,0.34,0.547,14,0.473,0.405,0.54,0.446,0.186,0.473,0.424,0.153,0.473,0.393,0.226,0.463,0.496,0.227,0.483
hr_ibi+acc,11,dummy_stratified,112,54,58,0.443,0.198,0.053,0.34,0.547,14,0.473,0.405,0.54,0.446,0.186,0.473,0.424,0.153,0.473,0.393,0.226,0.463,0.496,0.227,0.483
hr_ibi+eda,11,dummy_stratified,112,54,58,0.443,0.198,0.053,0.34,0.547,14,0.473,0.405,0.54,0.446,0.186,0.473,0.424,0.153,0.473,0.393,0.226,0.463,0.496,0.227,0.483
hr_ibi+temp,11,dummy_stratified,112,54,58,0.443,0.198,0.053,0.34,0.547,14,0.473,0.405,0.54,0.446,0.186,0.473,0.424,0.153,0.473,0.393,0.226,0.463,0.496,0.227,0.483
acc+eda,6,dummy_stratified,112,54,58,0.443,0.198,0.053,0.34,0.547,14,0.473,0.405,0.54,0.446,0.186,0.473,0.424,0.153,0.473,0.393,0.226,0.463,0.496,0.227,0.483
acc+temp,6,dummy_stratified,112,54,58,0.443,0.198,0.053,0.34,0.547,14,0.473,0.405,0.54,0.446,0.186,0.473,0.424,0.153,0.473,0.393,0.226,0.463,0.496,0.227,0.483
eda+temp,6,dummy_stratified,112,54,58,0.443,0.198,0.053,0.34,0.547,14,0.473,0.405,0.54,0.446,0.186,0.473,0.424,0.153,0.473,0.393,0.226,0.463,0.496,0.227,0.483
hr_ibi+acc+eda,14,dummy_stratified,112,54,58,0.443,0.198,0.053,0.34,0.547,14,0.473,0.405,0.54,0.446,0.186,0.473,0.424,0.153,0.473,0.393,0.226,0.463,0.496,0.227,0.483
hr_ibi+acc+temp,14,dummy_stratified,112,54,58,0.443,0.198,0.053,0.34,0.547,14,0.473,0.405,0.54,0.446,0.186,0.473,0.424,0.153,0.473,0.393,0.226,0.463,0.496,0.227,0.483
hr_ibi+eda+temp,14,dummy_stratified,112,54,58,0.443,0.198,0.053,0.34,0.547,14,0.473,0.405,0.54,0.446,0.186,0.473,0.424,0.153,0.473,0.393,0.226,0.463,0.496,0.227,0.483
acc+eda+temp,9,dummy_stratified,112,54,58,0.443,0.198,0.053,0.34,0.547,14,0.473,0.405,0.54,0.446,0.186,0.473,0.424,0.153,0.473,0.393,0.226,0.463,0.496,0.227,0.483
all,17,dummy_stratified,112,54,58,0.443,0.198,0.053,0.34,0.547,14,0.473,0.405,0.54,0.446,0.186,0.473,0.424,0.153,0.473,0.393,0.226,0.463,0.496,0.227,0.483
