participant,fold,y_true,y_pred,y_prob
001,1,0,0,0.36046135425567627
001,1,0,1,0.668327808380127
001,1,0,0,0.12587836384773254
001,1,1,1,0.8326412439346313
001,1,0,1,0.765518069267273
001,1,0,1,0.7900704741477966
001,1,0,0,0.3099648654460907
001,1,0,0,0.23069816827774048
001,1,0,0,0.08532533049583435
002,2,0,0,0.0742499902844429
002,2,1,1,0.9689918756484985
002,2,0,0,0.04532136395573616
002,2,0,0,0.031210798770189285
002,2,0,0,0.03351397439837456
002,2,0,0,0.026685258373618126
002,2,1,1,0.5972083806991577
003,3,1,1,0.8349296450614929
003,3,1,0,0.2324213683605194
003,3,1,0,0.4272732436656952
003,3,0,0,0.14803104102611542
003,3,0,0,0.022603655233979225
003,3,0,1,0.6492167711257935
004,4,1,0,0.05717092752456665
004,4,0,0,0.05717092752456665
004,4,1,0,0.2924504578113556
004,4,0,0,0.13432496786117554
004,4,0,1,0.6687477827072144
005,5,0,1,0.5509876012802124
005,5,0,1,0.7314761281013489
005,5,0,1,0.6192399263381958
005,5,0,1,0.7212250828742981
005,5,0,1,0.7407877445220947
005,5,0,0,0.47151827812194824
005,5,0,1,0.7942399382591248
005,5,1,1,0.5297223925590515
006,6,1,1,0.8941578269004822
006,6,1,0,0.015562125481665134
006,6,1,0,0.4204992949962616
006,6,1,0,0.47370558977127075
006,6,1,0,0.006756170187145472
006,6,1,1,0.6034654378890991
006,6,1,0,0.3786080479621887
007,7,0,1,0.6980079412460327
007,7,1,0,0.07613695412874222
007,7,0,0,0.026750044897198677
007,7,1,1,0.6492409706115723
007,7,1,1,0.5071572661399841
007,7,0,0,0.26415130496025085
007,7,1,1,0.6348973512649536
008,8,1,0,0.4447345435619354
008,8,0,0,0.03302507475018501
008,8,1,0,0.4328327178955078
008,8,0,0,0.2720580995082855
008,8,0,1,0.9825466275215149
008,8,0,1,0.764642059803009
008,8,0,1,0.6500639915466309
008,8,0,1,0.5155624747276306
009,9,1,1,0.8833785653114319
009,9,1,1,0.7957860231399536
009,9,0,1,0.7614389657974243
009,9,1,1,0.8929553031921387
009,9,0,0,0.4540744125843048
009,9,1,1,0.9525266885757446
009,9,0,1,0.8772485852241516
009,9,1,1,0.9257566928863525
010,10,0,1,0.8898610472679138
010,10,1,1,0.9283105731010437
010,10,0,1,0.8340675830841064
010,10,1,1,0.7464609146118164
010,10,1,1,0.537781834602356
010,10,1,1,0.9670621156692505
010,10,0,1,0.8317230939865112
010,10,1,1,0.9566166996955872
011,11,1,1,0.6040894389152527
011,11,1,1,0.7866258025169373
011,11,1,0,0.46815598011016846
011,11,1,1,0.8418121337890625
011,11,1,1,0.8204420208930969
011,11,1,1,0.6324813961982727
011,11,1,0,0.23977810144424438
011,11,0,1,0.8048262000083923
011,11,1,1,0.5999340415000916
012,12,0,0,0.3539005517959595
012,12,0,0,0.38000136613845825
012,12,1,1,0.8785108327865601
012,12,0,0,0.3465433418750763
012,12,0,1,0.8764359951019287
012,12,0,1,0.7512523531913757
012,12,0,0,0.4546675384044647
013,13,1,1,0.7541159391403198
013,13,0,1,0.7312425971031189
013,13,1,1,0.6830394864082336
013,13,0,0,0.4808902442455292
013,13,1,1,0.9468593001365662
013,13,1,1,0.9759516716003418
013,13,0,0,0.03539351001381874
014,14,0,0,0.0580296590924263
014,14,1,1,0.9516400694847107
014,14,1,1,0.9576326012611389
014,14,1,1,0.883383572101593
014,14,1,1,0.8582596182823181
014,14,1,1,0.9059014916419983
015,15,0,0,0.4811907410621643
015,15,0,0,0.026937372982501984
016,16,1,0,0.44368976354599
016,16,0,0,0.3302631974220276
016,16,1,0,0.46067187190055847
016,16,0,0,0.393571674823761
016,16,1,1,0.8908886313438416
016,16,1,1,0.5789663791656494
016,16,0,1,0.5301237106323242
016,16,0,1,0.5444555282592773
