subset,n_features,rf_auroc,xgb_auroc,rf_rank_auroc,xgb_rank_auroc,rf_bal_acc,xgb_bal_acc,rf_rank_bal_acc,xgb_rank_bal_acc,rf_f1,xgb_f1,rf_rank_f1,xgb_rank_f1,rf_sens,xgb_sens,rf_rank_sens,xgb_rank_sens,rf_spec,xgb_spec,rf_rank_spec,xgb_rank_spec,mean_rank,cross_auroc_mean,cross_auroc_min
acc+temp,6,0.701,0.686,2.0,2.0,0.684,0.633,1.0,2.0,0.615,0.59,1.0,1.0,0.723,0.676,1.0,2.0,0.642,0.579,5.0,10.0,2.7,0.6935,0.686
acc,3,0.725,0.662,1.0,3.0,0.624,0.645,3.0,1.0,0.558,0.558,2.0,4.0,0.608,0.662,4.0,3.0,0.646,0.61,4.0,6.0,3.1,0.6935,0.662
acc+eda+temp,9,0.664,0.693,3.0,1.0,0.603,0.63,6.0,3.0,0.547,0.574,4.0,2.0,0.571,0.708,7.0,1.0,0.619,0.551,7.0,13.0,4.7,0.6785,0.664
hr_ibi+eda+temp,14,0.614,0.628,6.0,5.0,0.62,0.626,4.0,4.0,0.518,0.563,6.0,3.0,0.702,0.59,2.0,7.0,0.577,0.659,12.0,1.5,5.05,0.621,0.614
hr_ibi+acc+temp,14,0.612,0.608,7.0,7.0,0.625,0.593,2.0,6.0,0.557,0.553,3.0,6.0,0.633,0.612,3.0,5.0,0.613,0.568,8.0,12.0,5.9,0.61,0.608
all,17,0.645,0.627,4.0,6.0,0.582,0.611,9.0,5.0,0.516,0.548,7.0,7.0,0.6,0.575,5.0,8.0,0.556,0.644,13.0,4.0,6.8,0.636,0.627
hr_ibi+temp,11,0.64,0.602,5.0,8.0,0.588,0.575,8.0,9.0,0.498,0.556,9.0,5.0,0.562,0.491,8.0,11.0,0.639,0.65,6.0,3.0,7.2,0.621,0.602
eda+temp,6,0.604,0.661,8.0,4.0,0.572,0.586,10.0,7.0,0.475,0.497,10.0,8.0,0.521,0.595,10.0,6.0,0.647,0.569,3.0,11.0,7.7,0.6325000000000001,0.604
acc+eda,6,0.565,0.565,11.0,12.0,0.614,0.577,5.0,8.0,0.533,0.491,5.0,9.0,0.534,0.617,9.0,4.0,0.671,0.518,1.0,15.0,7.9,0.565,0.565
temp,3,0.598,0.576,9.0,11.0,0.591,0.523,7.0,12.0,0.515,0.456,8.0,12.0,0.572,0.532,6.0,10.0,0.602,0.532,9.0,14.0,9.8,0.587,0.576
hr_ibi+acc,11,0.543,0.599,12.0,9.0,0.524,0.573,11.0,10.0,0.466,0.489,11.0,10.0,0.509,0.552,11.0,9.0,0.534,0.584,14.0,8.0,10.5,0.571,0.543
hr_ibi+acc+eda,14,0.568,0.558,10.0,14.0,0.521,0.553,12.0,11.0,0.429,0.473,12.0,11.0,0.472,0.485,12.0,12.0,0.596,0.619,10.0,5.0,10.9,0.563,0.558
ibi,4,0.521,0.494,13.0,15.0,0.437,0.451,17.0,17.0,0.374,0.405,16.0,14.0,0.246,0.336,17.0,16.0,0.653,0.594,2.0,7.0,13.4,0.5075000000000001,0.494
hr_ibi,8,0.489,0.563,15.0,13.0,0.483,0.484,14.0,14.0,0.403,0.396,13.0,16.0,0.4,0.432,15.0,15.0,0.588,0.582,11.0,9.0,13.5,0.526,0.489
hr_ibi+eda,11,0.432,0.598,17.0,10.0,0.44,0.482,16.0,15.0,0.369,0.402,17.0,15.0,0.401,0.327,14.0,17.0,0.528,0.659,15.0,1.5,13.75,0.515,0.432
hr,4,0.496,0.462,14.0,17.0,0.499,0.49,13.0,13.0,0.386,0.379,15.0,17.0,0.47,0.473,13.0,13.0,0.489,0.469,17.0,17.0,14.9,0.479,0.462
eda,3,0.468,0.485,16.0,16.0,0.449,0.474,15.0,16.0,0.398,0.432,14.0,13.0,0.374,0.463,16.0,14.0,0.508,0.471,16.0,16.0,15.2,0.47650000000000003,0.468
