,subset,n_features,n,rf_auroc_fold_mean,rf_auroc_fold_std,rf_auroc_pooled,rf_auroc_ci_lo,rf_auroc_ci_hi,rf_bal_acc_fold_mean,rf_f1_fold_mean,rf_sens_fold_mean,rf_spec_fold_mean,xgb_auroc_fold_mean,xgb_auroc_fold_std,xgb_auroc_pooled,xgb_auroc_ci_lo,xgb_auroc_ci_hi,xgb_bal_acc_fold_mean,xgb_f1_fold_mean,xgb_sens_fold_mean,xgb_spec_fold_mean,mean_rank,cross_auroc_mean,cross_auroc_min
1,acc+temp,6,112,0.701,0.293,0.669,0.508,0.823,0.684,0.615,0.723,0.642,0.686,0.284,0.731,0.595,0.861,0.633,0.59,0.676,0.579,2.7,0.6935,0.686
2,acc,3,112,0.725,0.255,0.62,0.469,0.768,0.624,0.558,0.608,0.646,0.662,0.206,0.643,0.51,0.779,0.645,0.558,0.662,0.61,3.1,0.6935,0.662
3,acc+eda+temp,9,112,0.664,0.274,0.606,0.433,0.778,0.603,0.547,0.571,0.619,0.693,0.295,0.689,0.544,0.827,0.63,0.574,0.708,0.551,4.7,0.6785,0.664
4,hr_ibi+eda+temp,14,112,0.614,0.225,0.539,0.401,0.691,0.62,0.518,0.702,0.577,0.628,0.309,0.604,0.462,0.748,0.626,0.563,0.59,0.659,5.05,0.621,0.614
5,hr_ibi+acc+temp,14,112,0.612,0.309,0.624,0.479,0.774,0.625,0.557,0.633,0.613,0.608,0.298,0.631,0.486,0.778,0.593,0.553,0.612,0.568,5.9,0.61,0.608
6,all,17,112,0.645,0.294,0.578,0.415,0.75,0.582,0.516,0.6,0.556,0.627,0.329,0.628,0.466,0.789,0.611,0.548,0.575,0.644,6.8,0.636,0.627
7,hr_ibi+temp,11,112,0.64,0.234,0.581,0.471,0.706,0.588,0.498,0.562,0.639,0.602,0.271,0.644,0.524,0.76,0.575,0.556,0.491,0.65,7.2,0.621,0.602
8,eda+temp,6,112,0.604,0.206,0.543,0.401,0.686,0.572,0.475,0.521,0.647,0.661,0.233,0.601,0.458,0.738,0.586,0.497,0.595,0.569,7.7,0.6325000000000001,0.604
9,acc+eda,6,112,0.565,0.264,0.585,0.43,0.733,0.614,0.533,0.534,0.671,0.565,0.29,0.551,0.408,0.695,0.577,0.491,0.617,0.518,7.9,0.565,0.565
10,temp,3,112,0.598,0.285,0.61,0.487,0.732,0.591,0.515,0.572,0.602,0.576,0.295,0.58,0.454,0.709,0.523,0.456,0.532,0.532,9.8,0.587,0.576
11,hr_ibi+acc,11,112,0.543,0.291,0.495,0.359,0.641,0.524,0.466,0.509,0.534,0.599,0.308,0.539,0.394,0.676,0.573,0.489,0.552,0.584,10.5,0.571,0.543
12,hr_ibi+acc+eda,14,112,0.568,0.245,0.506,0.361,0.654,0.521,0.429,0.472,0.596,0.558,0.309,0.531,0.403,0.664,0.553,0.473,0.485,0.619,10.9,0.563,0.558
13,ibi,4,117,0.521,0.258,0.53,0.381,0.653,0.437,0.374,0.246,0.653,0.494,0.232,0.485,0.358,0.59,0.451,0.405,0.336,0.594,13.4,0.5075000000000001,0.494
14,hr_ibi,8,112,0.489,0.265,0.459,0.331,0.575,0.483,0.403,0.4,0.588,0.563,0.24,0.478,0.375,0.579,0.484,0.396,0.432,0.582,13.5,0.526,0.489
15,hr_ibi+eda,11,112,0.432,0.26,0.412,0.287,0.547,0.44,0.369,0.401,0.528,0.598,0.26,0.498,0.389,0.608,0.482,0.402,0.327,0.659,13.75,0.515,0.432
16,hr,4,112,0.496,0.296,0.378,0.28,0.505,0.499,0.386,0.47,0.489,0.462,0.285,0.359,0.253,0.489,0.49,0.379,0.473,0.469,14.9,0.479,0.462
17,eda,3,112,0.468,0.305,0.413,0.3,0.547,0.449,0.398,0.374,0.508,0.485,0.252,0.416,0.311,0.53,0.474,0.432,0.463,0.471,15.2,0.4765,0.468
