subset,model,label,n,n_high,n_low,auroc_fold_mean,auroc_fold_std,auroc_fold_se,auroc_fold_ci_lo,auroc_fold_ci_hi,auroc_folds_eval,auroc_pooled,auroc_ci_lo,auroc_ci_hi,bal_acc_fold_mean,bal_acc_fold_std,bal_acc_pooled,f1_fold_mean,f1_fold_std,f1_pooled,sens_fold_mean,sens_fold_std,sens_pooled,spec_fold_mean,spec_fold_std,spec_pooled
acc+temp,random_forest,mage,112,56,56,0.536,0.271,0.07,0.399,0.674,15,0.475,0.307,0.642,0.52,0.218,0.5,0.452,0.234,0.497,0.586,0.385,0.571,0.466,0.335,0.429
acc+temp,xgboost,mage,112,56,56,0.527,0.309,0.08,0.371,0.683,15,0.55,0.404,0.692,0.568,0.228,0.527,0.469,0.222,0.52,0.65,0.349,0.643,0.462,0.334,0.411
acc,random_forest,mage,112,56,56,0.431,0.325,0.084,0.266,0.595,15,0.446,0.282,0.594,0.493,0.224,0.455,0.393,0.24,0.455,0.532,0.423,0.482,0.465,0.4,0.429
acc,xgboost,mage,112,56,56,0.441,0.331,0.085,0.273,0.608,15,0.473,0.323,0.62,0.49,0.215,0.473,0.414,0.229,0.473,0.494,0.371,0.5,0.49,0.376,0.446
acc+eda+temp,random_forest,mage,112,56,56,0.526,0.299,0.077,0.375,0.677,15,0.525,0.372,0.673,0.596,0.208,0.545,0.503,0.231,0.543,0.651,0.326,0.607,0.549,0.381,0.482
acc+eda+temp,xgboost,mage,112,56,56,0.528,0.31,0.08,0.371,0.685,15,0.503,0.358,0.653,0.569,0.223,0.5,0.458,0.228,0.5,0.591,0.361,0.518,0.546,0.372,0.482
hr_ibi+eda+temp,random_forest,mage,112,56,56,0.624,0.233,0.06,0.506,0.742,15,0.562,0.484,0.655,0.54,0.184,0.518,0.429,0.154,0.517,0.572,0.358,0.554,0.504,0.385,0.482
hr_ibi+eda+temp,xgboost,mage,112,56,56,0.552,0.334,0.086,0.383,0.721,15,0.611,0.49,0.721,0.518,0.232,0.545,0.432,0.205,0.544,0.473,0.389,0.518,0.554,0.409,0.571
hr_ibi+acc+temp,random_forest,mage,112,56,56,0.592,0.295,0.076,0.443,0.742,15,0.548,0.425,0.675,0.564,0.203,0.562,0.481,0.199,0.561,0.624,0.339,0.625,0.49,0.328,0.5
hr_ibi+acc+temp,xgboost,mage,112,56,56,0.554,0.317,0.082,0.394,0.715,15,0.61,0.473,0.727,0.568,0.233,0.598,0.492,0.211,0.598,0.53,0.394,0.589,0.589,0.329,0.607
all,random_forest,mage,112,56,56,0.608,0.274,0.071,0.469,0.746,15,0.569,0.458,0.692,0.594,0.19,0.562,0.495,0.214,0.562,0.568,0.376,0.536,0.624,0.329,0.589
all,xgboost,mage,112,56,56,0.569,0.298,0.077,0.418,0.72,15,0.598,0.468,0.719,0.543,0.227,0.554,0.447,0.198,0.553,0.535,0.37,0.571,0.531,0.404,0.536
