subset,model,label,n,n_high,n_low,auroc_fold_mean,auroc_fold_std,auroc_folds_eval,auroc_pooled,auroc_ci_lo,auroc_ci_hi,bal_acc_fold_mean,bal_acc_fold_std,bal_acc_pooled,f1_fold_mean,f1_fold_std,f1_pooled,sens_fold_mean,sens_fold_std,sens_pooled,spec_fold_mean,spec_fold_std,spec_pooled
acc+temp,random_forest,p75,112,26,86,0.551,0.298,11,0.543,0.392,0.673,0.617,0.253,0.479,0.544,0.291,0.445,0.03,0.096,0.038,0.916,0.189,0.919
acc+temp,xgboost,p75,112,26,86,0.553,0.288,11,0.545,0.41,0.662,0.615,0.217,0.545,0.531,0.223,0.541,0.341,0.38,0.346,0.768,0.221,0.744
acc,random_forest,p75,112,26,86,0.518,0.197,11,0.5,0.375,0.626,0.617,0.212,0.461,0.472,0.219,0.433,0.091,0.287,0.038,0.892,0.146,0.884
acc,xgboost,p75,112,26,86,0.458,0.342,11,0.515,0.386,0.639,0.605,0.242,0.493,0.49,0.229,0.493,0.265,0.371,0.231,0.763,0.261,0.756
acc+eda+temp,random_forest,p75,112,26,86,0.382,0.267,11,0.409,0.27,0.534,0.628,0.237,0.477,0.538,0.279,0.423,0.0,0.0,0.0,0.953,0.085,0.953
acc+eda+temp,xgboost,p75,112,26,86,0.495,0.304,11,0.476,0.35,0.592,0.589,0.255,0.482,0.505,0.255,0.482,0.28,0.39,0.231,0.759,0.222,0.733
hr_ibi+eda+temp,random_forest,p75,112,26,86,0.334,0.214,11,0.281,0.171,0.405,0.639,0.23,0.483,0.543,0.275,0.426,0.0,0.0,0.0,0.973,0.057,0.965
hr_ibi+eda+temp,xgboost,p75,112,26,86,0.38,0.225,11,0.324,0.198,0.445,0.559,0.214,0.424,0.45,0.228,0.424,0.144,0.293,0.115,0.773,0.248,0.733
hr_ibi+acc+temp,random_forest,p75,112,26,86,0.45,0.261,11,0.395,0.255,0.534,0.647,0.24,0.488,0.576,0.295,0.429,0.0,0.0,0.0,0.981,0.051,0.977
hr_ibi+acc+temp,xgboost,p75,112,26,86,0.469,0.186,11,0.402,0.271,0.527,0.582,0.231,0.42,0.461,0.251,0.423,0.303,0.437,0.154,0.72,0.242,0.686
all,random_forest,p75,112,26,86,0.371,0.235,11,0.39,0.258,0.527,0.633,0.235,0.477,0.54,0.276,0.423,0.0,0.0,0.0,0.96,0.07,0.953
all,xgboost,p75,112,26,86,0.426,0.207,11,0.326,0.209,0.437,0.532,0.252,0.376,0.426,0.257,0.381,0.182,0.386,0.077,0.711,0.26,0.674
