Configuration,# Features,Accuracy,Precision,Recall,F1,ROC-AUC
IBI only,5,0.597,0.4773,0.4038,0.4375,0.6399
TEMP only,4,0.5,0.3846,0.4808,0.4274,0.5021
BVP only,4,0.5149,0.3934,0.4615,0.4248,0.4906
All wearable modalities,25,0.5522,0.42,0.4038,0.4118,0.5159
ACC only,4,0.5597,0.4255,0.3846,0.404,0.5729
Baseline (majority-class dummy),0,0.5,0.3684,0.4038,0.3853,0.4824
HR only,4,0.4851,0.3455,0.3654,0.3551,0.4724
EDA only,4,0.4776,0.3393,0.3654,0.3519,0.4271
HR + IBI,9,0.5373,0.381,0.3077,0.3404,0.5171
HR + IBI + EDA,13,0.5149,0.3556,0.3077,0.3299,0.4852
HR + IBI + ACC,13,0.5373,0.375,0.2885,0.3261,0.485
HR + ACC,8,0.5149,0.3415,0.2692,0.3011,0.4843
HR + EDA,8,0.4925,0.3095,0.25,0.2766,0.4353
